[".work",".work",".images",".images",".igstalk",".igstalk",".igstalk",".images","??",".patrick",".images",":v","#kick",".work",".work",".work",".work",".images",".limit",":v",".unbanchat",".runtime",".images",".loli",".oleave","!setprefix",".banchat","!menu","!getses",":v",":v",".p",".unbanchat","#add","#add","#add","ztest","!stiker","!stiker","!stiker","!stiker",".help","#levelingmenu",".speed","!stiker",".toimg","!speed","#getprofile","!stiker","!stiker","!getses","!stiker",".toimg","!stiker","!stiker","!stiker","!stiker",".here","!stiker","!stiker","!stiker","!claim","!stiker","!stiker","!stiker","!stiker","!stiker",".enable","!stiker",".toimg",":)","!stiker","!stiker","#music","#pengocok","#order","#owner","#profile","zpublic","#kick","#music","#daftar","#welcome",":v","zpublic","zhelp","zterm","zterm","zterm",".play","zterm","zsetprefix","zsetprefix","#",".work","ztest",".job",".work","??","!ttp","zhelp",".bass",".work","??",".work",".work","zterm",".help","!verify",".hidetag","#premium","!menu","#menu","!menu",".work","!register","!rules",".work","!verify","!menu","!daftar","!daftar",".zodiak",".work",".work",".work",".hoki",".work",".hoki",".hoki","#premium",".hoki","#join",".take","#listpremium","zterm",".me",".work",".take","!verivy",".hoki","!verify","ztest",".hoki",".me","zterm","zterm","zigstalk","zplay",".work","#welcome",".work","zytsearch",".work",".work",".work",".playmp4","!antilink","#antilink",".job",".work",".mute","zrestart",".mute",".ptlvid",".mute",".work",".osider",".osinder",".sinder",".sider","!",".promote","!attp","#help","!help","#menu","!menu","!attp","!verify","!profile","!profile","!menu","!meni","!menu","!attp","#stiker","!attp",".p","!attp","!jadian","!limit","!attp",".work","!attp","!attp","#stiker","!attp","!attp",".ptlvid","!attp","...",".hoki",".ptlvid","!attp",".ptlvid","!profile","!trending","!attp","!attp","!","#infomenu","!info","!listbanned","!premiumcheck","!",".work",".ev",".work",".work",".work",".work","/menu","!verify",".asupan2","!suport",".asupan",".asupan2","#stiker",".asupan2",".asupan",".asupan2",".asupan2",".ptlvid",".work",".asupan2",".asupan2",".asupan2",".asupan2",".asupan2",".work",".work","#sticker",".ytmp3",".ytmp3",".work","#sticker",".ytmp3",".work",".images",".work",".job",".work","#sticker",".",".",".level",".work",".ytmp3",".work",".ytmp3",".work","#tts",".stiker","!verify","#loli","#antilink",".work","!sticker",".work","!stikergif","#hentai",".work","#hidetag",".",".work",".setbg",".work",".level","#loli",".level","!verify",".level","#tts","#hentai",".work",".job","#gachacewek","#gacha","#gachacewek","#tts","#delete","!sticker","#daftar",".work",".work","#daftar","#menu","#daftar","#menu","#owner","!listblock","#delete",".ytmp3","!runtime","#daftar","!ping",".work",".work","#delete",".work","#",".","!","#kick","#add","#triggered",".ytmp3.https://youtu.be/qo2tckzvr70","#hidetag","#hidetag","#group","#triggered",".ytmp3",".work","#sewa",".work","#resgisted","#linkgc","#resgister","#listmenu","#register",".toimg",".ytmp3","?","#triggered","#afk",":)",".toimg","#motor",".work","#add","#sticker","!stnc","#add",".work",".menu","!verify","#menu","?","#register",".verif","#add","#daftar|ahmad|15",".menu",":v","#menu",".afk",".work",".ttp",".level","©️🆗",".menu",".work",".work","#stickermenu","!listgroup","!doge","!gura","!cs","#kick","#18","!stiker","#bot","#nsfw","#add","#tts",".getses","#tts","#menu","#tts","#tts","#menu","#tts","#nsfwmenu",".here","#tts","#wallpaper",".here","#lb","-----[","-----[","#toimg","©️🆗","©️🆗","©️🆗","#claim","#listonline","+500","#ttp","#mining","#ig","#daftar","#play",":v","!tiktok","!tiktok","#mining","#slot","#daily","#slot","#slot","#listonline","!tiktok","!tiktok","©️🆗","#slot","#slot","!tiktok","!tiktok","#ig","!tiktok","!tiktok","#slot","#daftar","#buy","#slot","#buy","#slot","#buy","#buy","-350","#limit","+500","#dadu","#slot","#math","#dadu","/menu","#dadu","#slot","#limit","#slot","#dadu","#dadu","#dadu","#slot","#add","#dadu","#wellcome","#slot","#enable","#profile","#leveling","#leveling","#leveling","#leveling","#leveling","#slot","#add","#slot","#slot","#dadu","!menu","!groupmenu","#quotes","#attp","!help","!play","!funmenu","©️","®️","!makermenu","©️","©️menu","!funmenu","!mlserti4","!textmenu","!tebakbendera","=","×","∆","✓","™","%","#slot","!nulid","#dadu","!nulis","!nuliskanan","©️","#slot","#slot","!nuliskanan",".runtime","$ytmp4","#slot","#slot","!pubgserti","!play","!","!pubgserti","#slot","!verify","!verify","#slot","!pubgserti","!nulis","#buy","-350","#buy","-3500","#slot","#slot",".play","!jadibot","!menu","!antitoxic","!sewabot","!enable","!enable","!ownermenh","#slot","!","!ownermenu","#slot","#buy","#dadu","#sticker","#slot","#math","-107","-170","-700",".attp","/menu","©️🆗","#sticker","!stiker","!stickergif","/menu16","#menu","#tts","#daftar","#menu","!ganteng","#menu","#tts","#neon","#kameki","#kaneki","©️🆗","#kick","#neon","#claim","+500","#menu","#add","??","#sticker","#",".runtiem",".runtime","/add","/menu0","#tts","!stickergif","#tts","/warn","#levelup","#tts","#levelup","#leaderboard","•","#levelup","!add","#tts","#levelup",":","#levelup",":","#delete","#lb","•","/warn","#tts","#daftar","#levelup","#tts","#meny","#menu","#levelup","#levelup","#ttp","#level","#stiker","#tts","/delwarn","#tts",":v","#tts","#menu","#disable","#tts","#welcome",".leave","#welcome","#tts","#tts","#tts","#level","#mubalance",".claim","#tts","#mybalance","#!verify","#level",".afk",".",".","$menu","#menu","?menu","$start","!verifty","/menu","#register","?daftar","?owner","#tts","#welcome","!tiktok","#welcome","#tts","!tiktok","#welcome","#daftar","!cs","!menu","?menu","!download","!downloadmenu","!snoby","?groupmenu","!snobg","#add","!ytsearch","#add","!ytsearch","#tahta","?stiker","#add","#harta","/menu12","#welcome","/kadargay","#harta","/kadargay","/kadargay","#gabut","!ytsearch","/verif","/kadargay","#tts","/wame","!ytmp4","/kadargay","!jadian","#pakboy","#daftar","/kadargay","/kadargay",":v","/kadargay","!tagall","/kadargay","#jodohbali","/kadargay","/kadargay","!tagall","#stickbucin","/kadargay","#sticker","#gwmasihwaras","/kadargay","#menu","/kadargay","/kadargay","/kadargay","/kadargay","#groupbot","/kadargay","/kadargay","/kadargay","/kadargay","/stiker","/menu","#sticker","/bokep",":v","/stiker","/del",".p","/sgif",".playmp4","/menu16","/del","#add",":v","/stiker","!del","#tts","#add","!grenneon","#tts","#tts","#stickergif","#tts","#tts","/kadargay","/ahahahhahsgsgajaksishagshsksnzghsj","!ig","#tts","#tts","#menu","!verify",".banchat",".p","/menu","!stiker","/stiker","!daftar","!menu","#verify","#s","/lock",".p",".p",".p",".p",".p",".p","#stickergif","!sticker","#cari","!stiker","!menu",".play","!stikermenu","!stiker",".ava","#stiker","!stiker",".p","!stiker","!stiker","!stiker",".unbanchat","!stiker","#stiker","#stiker","!stiker","!menu",".listblock","!menu","!bucinstick","#stiker","!patrick","!verify","!patrick","!patrick","!patrick","!patrick","!menustiker","!anjing","!stikermenu","!stikermeme","!triggered",".pray","!pray","!s",".asupan2","!menu","zverify",".asupan2","!iklan","!downloadmenu","!tiktoknowm","#stiker","#runtime",".listvn","#stiker","#play",".getvn",".menu",".listvn","#listaudio","!menu","!start","#kick",".add","!play","!buylimit","#sticker","#sticker","#sticker","#sticker","#sticker","#add","#stickergiv","#welcome","#menu","#add","#enable","#welcome","#ppcouple","#add","!jadian","!attp","#sgif","!jadian","!jadian","!daftar","#hidetag","/unlock","#stiker","#claim","!play","+500","#claim","+500","!ytmp4","#claim","#claim","+500","#ppcouple","#stiker","#ppcouple","!ttp","!register","!cantik","!menu","!ttp","!attp","!attp","#menu","!stiker","#menu","!verify","!menu","!grupmenu","#stiker","!join","!nsfwmenu","#menu","!aktif","#attp","!nsfwaktif","!nsfwmenu","!verify","#stiker","!verify","#stiker","#attp","#attp","#stiker","#",".menu","#register",".menu","!cari","#",".menu","!biro","#asupan",".google","#menu","#menh","#menu","#18",".infomenu","#stiker","#waifu18","#menu","#nhentai","#stiker","#stiker","#stiker","#stiker",".menu","#stiker","#downloader",".menu","#register","#stiker","#stiker","#stiker","#menu","!sticker","!tts","!stiker","#stiker","!tts","#dowloadmenu","!limit","#daftar","!tts","!play","#dowloadmenu",".menu","#menu","!verify","!limit","#dowloadmenu","#help","#limit","!menu","#menu","/menu",".menu","/menu","#ig","/makermenu","/menu17","/play","!smoke","!stickergif","#stiker","#verify","!verify",".menu","!ttp","!verify","/","/kayla","!claim","/play","!claim","#stiker","#link","#asupan","!ytmp3",".yts","#stiker",".menu",".menu",".menu","#sticker",".menu","!","!verivy","!tts","!","!verify","!tts","!register","!verify","!video","#bod","!claim","!verivy","!menu","!verivy",".ev","#jadian","!dafrar","#menu",".menu",".owner",".menu",".menu",".menu",".carigrupwa","!patrick",".menu",".menu","!patrick","#","!patrick",".banchat","#daftar","/play","!patrick","!patrick","!patrick","/play","#sticker",".yts","!yts","!google","#tts",".ev","#verify",".ev","#tts","#menu","#sticker","#downloas","#menu","#downloadhttps://www.instagram.com/p/cqefrq7h8cp/?utm_medium=copy_link","#ppcoule2","!lb","!admin","!tagme","#sticker","!ttp","#music",".yts","/creator","zero",".yts",".menu","#ytmp5https://youtu.be/xqaifo5q8ig","#ytmp5",".opengc","zsetnama",".yts","#ensticker","#ytmp4","#menu","#menu",".closegc",".opengc","!tts","#ytmp3","#download",".yts","/sticker","/sticker","/sticker",".closegc","#stikergif","#daftar","!attp","#ig","!ttp","!ttp","!ttp","!ttp","!attp","!attp","!tiktok","!","!attp",".owner","!attp","!attp","#menu","!attp","/menu",".unbanchat",".p","!attp","!attp","!","!","!","!attp","!attp","!attp","#stiker","!attp","!daftar",".tebakgambar","!daftar","!daftar","!attp",".tebakgambar","/play","/play","#getprofile",".profile",".menu",".oadd","/play",".here","!play",".toimg","/darkjoke",".here","#menu",".menu","#darkjokes","#darkjokes",".menu","#group","#sticker",".play","#spammenu","#menu","!verify","#vip","#sticker","#vip","#stiker","!tiktok","!tiktok","!menu","#tiktok","#menu\n!menu\n.menu\nzmenu","/menu","#menu","!tiktok","/menu","/registered","/register","/help","#attp",".level",".me",".ava","#attp",".cs","#sticker",".menu",".cs","#add","#add",".cs","#sgif","!tiktok",".cs",".removebg",".claim",".claim","!tiktok",".level","!tiktok","!verify","!tiktok","!tiktoknowm","#play","......","....","!stikermenu","#play",".s","!stickerwaifu",".play",".addvn",".lyrics",".here",":v","!sange","!infomenu","!status","#stikergif","!info","!bokeh","#stiker","!bokeh","!","!patrick","!grup","#play","!petrick","#buy","#stiker","#claim","!patrich","!patrick","#stikergift","!bokep","!bokeh",".",".wallpaper",".wallpaper",".wallpaperbokep","#sticker","#sticker","!tiktok","!verify","#daftar","!tiktok","#menu","#verify",".tes","#menu","#daftar","#menu","!stiker","#sytemmenu","!stiker","#groupmenu","#antilink","!resetlinkgrup","!tagme","#menu","#groupmenu","#welcome","!tagall","#join","!tiktok","#claim","+500","#menu",".level","!register","!katabucin","!howbucin","!menu","/tagall","#stikergif","/group","!verify","#stikergif","#group",".linkgc","/stiker",".register",".linkgc","#online","/play",".unbanchat","#sticker","#stiker",".togif","#disable","#enable","!menu","!menu","#afk","#disable","#register","#daftar","!verify","#kick","#revoke","!uang","#hedsot","#revoke","!stiker","!virtex",".here","!gstiker","!sgif","/sgif","!ighttps://www.instagram.com/p/cpfknxtjtp-/?utm_medium=copy_link","!ig","#add","!ig",".translate","#add","#music",".play","#hedsot","?",":v","#help",".linkgc","#linkgrup","#register","!help","#mediamenu","!ytmp3","!ytmp3","!ytmp3",".play",".play",".play","#stiker",".play","#group","!ytmp3","#group",".play",".play","!daftar","!verify","#add","!",".menu","#add",".runtime","!register",".speed","!stiker","!menu","©️🆗","#menu","#menu","©️🆗","#menu","#verivy","#verify","zleave","!menu","#runtime","!daftar","#register",".wame",".wa.me","!verify","#daftar","#menu","#bucin","!stiker",".oadd","!stickermenu","!sgif","#stickermenu","#claim","+500","+500","#menu","!play","#ytmp4","#stikernobg","#stickermenu","#stickernobg","#ttg","#verify","#ttg","#ttg","#!patrick","#daftar",".menu","#ttg","#mining","#daftar","#sticker","#daftar","#ttg","#ytmp4","#daftar","#menu",".play","#attp","#attp","#sticker","#attp","#attp","#toimg","#attp","/play","#menu",".menu","/lirij","#attp","/lirik","~>","#unblok","#claim","+500","#tta","#menu","zlirik","~>","#attp","#ttp","#downloadmenu","!ytmp4","#claim","+500","#claim","+500","#sticker","#claim","#level","#claim","#level","#level","#nsfwmenu","#ecchi","#waifu18","#patrick","!verify","#ttp","!","!verify","#hentai","#sticker","!attp","#acha","#ttp","#ttp","#mining","#menu","#group","#menu","#sticker","#menu","#ttp","#claim","+500","#stickermenu","#stickerwaifu","+register","#stickerwaifu","#stickerwibu","#togel","#ttps","#sticker","#ttps","#patrick","#patrick","!mwnu","!menu","#patrick","!menu","#patrick","#ttps","!stickermenu","!patrick","#attp","!textmenu","#patrick","#attp","#jadibot","#attp","!hartatahta","#attp",":v","!hartatahta","!tts","#daftar","#menu","#group","#tts","#makermenu","#downloadmenu","!tts","#phcomment","!valentine","#attp","#sticker","#sliding","#toimg","!tts","#attp","!tts","!verify","#phcomment","#ttp2","#stiker","#stiker","!caketext","#makermenu","#gmlogo","#phmaker","#menu","!harta","#attp","#tebak","!hartatahta","!caketext","#everyone","!hartatahta","#cekchat","#semoji","#runtime","#semoji","#semoji","#stiker","#semoji","#stickergift","#semoji","!birthdaytext","#semoji","!help","!stiker","!verify","#stikergif","!menu",".","#semoji","!makermenu","!skytext","!caketext","!ffserti1","!galaxywall","#semoji","#stikee","#sticker","#stiker","!hartatahta","/sticker","!hartatahta","#toimg","!stiker","!animemenu","!loli","#stiker","!waifu","#delete","!loli","#delete","!husbu","!husbu","#delete","#sticker",".banchat","#premium",".verify",".menu","!shota","!kemono","#sticker","!antiporn","!stikergf","!antiporn","!kergf","!stikergf","#stikergif","#sticker","!claim","!levelup","!claim","!stiker","!stiker","!stiker","!stiker","!daftar","!stiker","!stiker","#stikermenu","!stiker","#help","!stiker","!hartatahta","!stiker","!stiker","!register","!stiker","!stiker","!textmenu","!fflogo","!shop","#sticker","!googlemaker","!suport","!suport","!googlemaker","!suport",".unbanchat","#menu","!verify","#sticker","!menu","!stiker","!sewabot",".bucin","#sticker","?","?","#level","#add","#ig","#stiker","#menu","#sticker","!tiktok","#sticker","#sticker",".sgif","#owner",".del","#attp","#attp","#sticker",".play","!ytmp3","!ytmp3","#stiker","#cmd","#cmd","#register","#rules","!ytmp3","!verify","!menu",".menu","!ytmp3","!menu","#sticker.","!menu","!mp3",".menu","/menu","!menu","#tagall","/stikermenu","!ytmp3","!play","!verify","!rules","!verify","/menu","#tagall",".mrnu",".menu",".menu","/sewabot",".banchat",".menu","/infomenu",".unbanchat","#stiker",".menu","!sticker","#stiker","#stiker","!menu","!stickermenu","#attp","#ttp","!snobg",".join","#ttp","#premium","!snobg","#ttps",".menu","#attp","#doge","!snobg","#doge","/menu","#patrick","#patrick","/patrick","!verify","!meni","??","#attp","!menu","!play","#ttps","!patrick","#stiker","#stiker","#attp","#ttp","#ttps","#attp","#attp","!drakor","!daftar","!snobg",".addvn","!start","/menu","#stiker","#stiker","!menu","/menu2","#menu\n!menu\n.menu\nzmenu\n/menu","#daftar","/stiker","#stiker","/stiker","#group","!balikhuruf","#stiker","#hidetag","/sgif","!balikhuruf","/kadargay","!menu","#stiker","#menu","#sticker","#menu","#sticker","#stiker","#downlaoder","#daftar","#downloadmenu","#stiker","!indoxxi","!daftar","#menu","!indoxxi","#mediafire","#makermenu","!cute","!cute","#sticker",".here",".ping","#linkgrpup",".ping","#linkgc",".here","#sticker","!realcloud","/menu","---(","!verify",".play","!menu","!sewabot",".",":d",".jadibot","!ig","!ytmp3",".jadibot",":d","---(","#add","#sticker",".owner",".jadibot","!speed","!tiktok",".s","#add",".addsticker",":)",".toimg",":)",":)","#afk","#add","#persengay","/kadargay","/kadargay","/kadargay",".ping","#jadian",".ping","#ganteng","#cantik",".msgrespon","#cantil","#jadian",".ping","#ganteng","#cantik","#ganteng","#menu","#jadian","#jadian","#quote","#cantik","#jadian","#jadian",":v","#jadian","#jadian","#jadian","/kadargay","#jadian","#add","!ytmp3","!help","#fb","#daftar","#daftar","#afk","#fb","#ig","#ig","#sound","#menu","#soundmenu","#fb","#sound2","#add","zhelp","!sticker","!verify","!sticker","!sticker","!sticker","!sticker","!sticker","#stiker","#stiker","!triggered","#fb","!sticker","#menu","!daftar","#menu","!menu","#meni","#menu","!menu","!attp",":'v","!bucinstick","!menu","!menubot","!bot","#menu","/menh","!menustiker","/menu","!imgtourl","!imgtourl","!animestiker","!register","!menu","#menu","#hidetag","#hidetag","#troli","#menu","#sasageyo","#menu","#verify",".menu","#semoji","#groupmenu",".menu",".level","#group",".play",".ytmp3","#menu","#caridoi",".level","#stickermenu",".video","#findsticker",".video",".song",".wallpaper",".randanime",".tts",".video",".self",".public",".autoinfo",".infoauto",".autoclose",".autoopen","#menu","#register","#nsfw","#info","#info","#info",".tes","#attp","#attp","#tiktok","#tiktok","#tiktok\nhttps://vt.tiktok.com/zsjqq3wkr/","!attp","#tiktok","?afk","#tiktok","#tiktok","#tiktok","#tiktok","#tiktok","!verify","#tiktok","!menu","?afk","#menu","#tiktok","?afk","#menu",".toimg","#tiktok","#daftar","#tiktokhttps://vt.tiktok.com/zsjm21dx5/","#tiktok","#daftar","#tiktok",".toimg","#waifu",".toimg","#antilinkgc","#delete","#loli",".sticker","#menu","#ttp","#","#ttp","#verify","#verify","#ttp","#stiker","#ttp","#ttp","#nsfwmenu","#ttp","#nsfwblowjob","#owner","#pcc","#info","#otw","#ttp","!stiker","!owner",".stickergif","#ownee","#owner","#tiktok","#donasi","#tiktok","#tiktok","#tiktok","!attp","!attp","!attp",".sticker","#stiker",".sticker",".tes","#owner",".menu","/menu","/math","/math","/math","-21","-17","!sticker","!attp","!menu","#menu","!tiktok","#changelog","#menu","/help","!help","#stiker","!attp","#sticker","/sticker","#daftar","#daftar","#register","#tiktok","#ytmp4","#stiker","!verify",".banchat","/sticker","/sticker",".self","/sticker","/sticker","#owner","#menu","#play","#play","#dare","#play","#daftar","#register","#play","!tiktok","!tiktokhttps://vt.tiktok.com/zsjqha8fr/","!tiktokhttps://t.tiktok.com/i18n/share/video/6973252959278763266/?region=id&mid=6973252901456120577&u_code=dgcbgcab8dm2c6&preview_pb=0&language=id&_d=dgcbgd12i68dc4&share_item_id=6973252959278763266&source=h5_t&timestamp=1623587715&user_id=6915025898711172098&sec_user_id=ms4wljabaaaacaxrp8om4cdkbt4chukq4fcsqtekmcfttmf1w087pwrta1b0_fxjmlnhubb_bmow&utm_source=copy&utm_campaign=client_share&utm_medium=android&share_app_name=tiktok&share_iid=6941669822376511234&share_link_id=8cd58c9d-a965-48e6-98a3-b55ec0ec142d","!tiktokhttps://chat.whatsapp.com/jkavaatnrhq2drmt26i6e7","!tiktokhttps://vt.tiktok.com/zsjqxjcl9/","!tiktokhttps://vt.tiktok.com/zsjqxfct6/","#attp","#attp","!tiktokhttps://t.tiktok.com/i18n/share/video/6973252959278763266/?region=id&mid=6973252901456120577&u_code=dgcbgcab8dm2c6&preview_pb=0&language=id&_d=dgcbgd12i68dc4&share_item_id=6973252959278763266&source=h5_t&timestamp=1623587715&user_id=6915025898711172098&sec_user_id=ms4wljabaaaacaxrp8om4cdkbt4chukq4fcsqtekmcfttmf1w087pwrta1b0_fxjmlnhubb_bmow&utm_source=copy&utm_campaign=client_share&utm_medium=android&share_app_name=tiktok&share_iid=6941669822376511234&share_link_id=8cd58c9d-a965-48e6-98a3-b55ec0ec142d","!tiktokhttps://vt.tiktok.com/zsjq4uhcb/","!tiktokhttps://vt.tiktok.com/zsjq4f4fp/","#hidetag","!tiktokhttps://vt.tiktok.com/zsjqx5ukn/","#menu","#menu\n!menu\n.menu\nzmenu","/menu","/registered","/register","/help","!tiktok","!tiktok","!tiktoknowm","!tiktok","!verify","#daftar","#menu","#verify","#menu","!verify","#welcome",".p",".p",".play",".ytmp3",".p",".p",".public",".p",".play",".play",".ytmp3","!","/sticker",".p",".self",".public","!welcome","!welcome",".imgtourl","!stickergif",".stcmeme","!add","!s",".imgtourl","!play","!sticker","!sticker","!play",".wait","!attp","!menu","!stickergif",".attp",".attp","!claim","!bal",".attp",".attp",".attp",".play","#logogame","#neon","!grup",".ev",".ev","!neon","!neon",".attp","#sticker","#attp",".","!gif","#gif",".","#menu","#hug",".playv2",".p",".playv2",".playv2",".playv2","#stickergif","#verify",".ev","+500",".ev","#sticker",".ev",".ev",".ev","/sticker",".ev",".ev",".ev",".ev","/sticker","#group","#hidetag","!slot","!slot","!claim","+500","!claim","+500","+500","!slot",".esticker","!slot","#klaim","#claim","#speed","#claim","+500",".","!logogame","#add","!menu","#menu",".tts",".tts","#kick","#anime","#animemenu","/toimg",">//<","!wallapaper",".ev",".ev","#toimg",">//<","#smim",".ev",".ev","#menu","#stiker","#add",".ev","#menu","#nsfwmenu","#animemenu",".translate","!randomkiss","!randomkiss","!loli","!loli","!tiktok","#infomenu","!register","!listgroup","#systemmenu","!nsfw",".ev","!caristicker",".ev",".ev","!nsfw","#smim","!nsfw",".ev","#toimg",">//<","#smim","#smim","#getsider","#smim",":v","/limit","!hidetag",".",".","#menu",".",".",":v","#stiker","#add","#sticker","#add","#add","#antilink","#demote",".tiktoknowm","!menu","!claim","+500","!sticker","#smim","!sticker","!sticker","!sticker","!caristicker","!play","!sticker","!daftar","!s","!toimg",">//<","#wallpaper","/kick","!caristicker","/bass","#add","#sticker","#tiktok","#sticker","#lb","•","•","#math",".topmoney","•","#kerja","#kerja","#math",".dompet","!tiktok","#math","-18","!tiktok","!tiktok","-36","#toimg","!tiktokhttps://vt.tiktok.com/zsjqxra8c/","!tiktok","#smim","#lb","-----「","•","-----》","#tebakgambar","#elitebot","#elitebot","#stiker","#kuis","#kuis","!claim","#claim","+500","+500","+500","!menu","/jadian","#ttp","#wallapaper","#wallpaper","!dompet","#wallper","#kill","#wallpaper","#kuis","#kuis","#pokemon","#kuis","!tiktok","#wallpaper","!downloadmenu","#animemenu","!play","#wallpaper",".ev","#kuis","!play",".ev","#makermenu","#ttp","!ytmp3",".ev","#kuis",".ev","#neonblue",".ev","#maker","#neon","!play","#neon","!verify","!ganteng","#lovetext",".","#neon","#menu","!tahta",".linkgrup","#stickermenu",".","#stiker","#attp","#ttp","#toimg","#cs","#smim","#attp","#patrick","!ganteng","!menu","#patrick","=>","#attp","#tts","#patrick","!daftar","!menu","#attp","#semoji","!attp",".toimg","#","#stickermeme","#semoji","!menu","#semoji","#patrick","!menu","#attp","#patrick","!drakor","#patrick","!attp","!attp","#doge","#elitebot","#gura","#sgf",".","#sgif","#semoji","#semoji🐔","#semoji","#sgif","#semoji","#semoji","#attp","#sgif","#ttp2",".self","#ttp2",".public","#ttp2","!tahta","#ttg","#sticker","/ytmp3","!register","#group","#sticker","#sliding","!buylimit","!tahta","#sliding",".sliding","!daftar","#esticker","#esticker","!daftar<fahri><15>","#promote","#stikermeme","#stickermeme",".ev","#attp",".ev",".ev",".ev","!tahta","#ttps","#ytmp4","#attp","!tahta","!tahta","#sliding","!tahta","#ig","#sgif","!jadian","!beban","!tahta",".sliding","#toimg","#toimg","!del","#add","#toimg","!sticker","!del","!","#esticker","!cantik","!fakboy","!tahta","!sayank","#sgif","#esticker","#sgif","!sticker",".sliding",".","#menj","#play","!tahta","#lovetext","#play","!sticker","#add","#mlmake","#add","#mlmaker","#add","!stickergif","!",".ev","!tahta","!sticker",".ev","/kick",".ev","!attp",".ev",".ev","!attp","#affect","#cute",".sliding","!","#cute","#makermenu","!stickergif","#blmaker","#snow3d","!stickergif","!tagme","!leveling","#noellogo","#add","!sticker",".","#metallogo","!","#pubgserti","!","!sgif","#pubgserti","!","#menu","!stickergif","!stickergif","#grupmenu","#groupmenu","#clyde","#nulis","#ssweb","#nulis","!sticker","#tod","#truth","#dare","#linkgrup","#setgroupicon","#stiker","!attp","!tiktok","!tiktok","#stiker","!tiktok","#patrick","#patrick","#patrick","!verivy","#patrick","!verify","#tokyogel","#rugu","#makermenu","#stickermenu","#stickermeme","#doge","#menu","#gura","#menu","#gura","#menu","#doge","#spengbob","#patrik","#stiker","#gura","#wallpaper","#wallpaper","#wallpaper","#stiker","#sgif",".self",".closegc",".opengc","#claim","!claim","#menu","#menu",".public","#tiktok","!attp","#ttg","#ttg","#ttg","#tiktok","!stiker","!stikergif","#sticker","!","zsticker","!menu","!menu","!buypremium","!","!stiker",".asupan2","!ytsearch",".asupan2","!ytmp4",".asupan2",".asupan",".asupsn2",".asupan2","!ytmp4","~s~","#togif",".apkpure",".asupan2",".asupan2",".asupan2",".asupan2",".asupan2","/menu","#stiker",".asupan2",".asupan2",".asupan2",".asupan2","#video",".asupan2","#menu","#stiker",".asupan2","#status",".asupaj","#stats",".asupan2","#listblock",".asupan2","#sticker","#stikee","#stiker","#kick","#add","#stiker","#stiker","/menu","!zaa","!verify","!menu","!profile","#group","#hidetag","!buy","!math","!math","#getsider","#listonline","!math","!math","#sider","!math","#sider",".","-453014","#group","!buy","-350","!menu","#sider","!claim","+500","!buy","-3500","#premiummenu","#stiker","#welcome","!profile","!math","#neon","#add","-301028","#welcome","#hidetag","-_-","-math","#hidetag","?","/menu","-7793726908","/tiktok",".math",".math",".menu","#claim","+500",".menu","/math","-8",".jadibot","/math","-90","/math","-45","/math","#mediamenu","/ytmp4",".math","-2751645e11","#antidelete",".",".menu",".paylimit",".profile","/verify",".payexp","/menu","/downloader","/tiktok",".menu",".menu",".pay","/menu","#menu","/ig","/verify","#downloadmenu","#stiker","#tiktok","#menu",".p",".p",".textmenu","#add","#del",".nulis1","#stiker","#del","#welcome","#math","#brainly",":v","!tiktok","#afk","#group","#menu",".p",".status","!verify","!stiker","#welcome","!tiktok","!register","#add","#stiker","#sertifikat","!daftar","!","!daftar","#stiker","#stiker","#stiker","#stiker","#ytmp3https://youtu.be/vgszibe9tpu","#ytmp3","!linkg","!attp","#linkgroup","!attp","#stiker","#daftar","#register","#stiker","#stiker","#stiker","/menu","#daftar","#stiker","#menu","#daftar","#stiker","#stiker","#stiker","#attp","!attp","#stiker","#stiker","#stiker","!menu","!stickermeme","!menu","#stiker","#daftar","!daftar","#attp","!attp","#stiker","!attp","#stiker","zhelp","#hapus","#hapus","#attp","!attp","!attp","!menu","!attp","#menu","#ppcouple","#menu","#stiker","#stiker","#stiker","#loli","#stiker","#stiker","#stiker","#stiker","#stiker","#stiker","#stiker","#stiker","#stiker","#stiker","#stiker","#stiker","#stiker","!verify","!menu","#stiker","#stiker","#del","#stiker","#stiker","!menu","#groupmenu","!tiktok","#linkgrup","#welcome","#ytmp3","#stiker","#stiker","!stiker","#register","#join","#stiker","#stickergif","#stikergift","#add","#stikergif","!daftar","#stickergif","#stikergif","#group","#hidetag","#stikergif","#stickergif","#group","#stikergif",".","#stikergif","#hidetag","!sgif","!sgif","#sgif","#stiker","!sgif","!","!menu","!menu","#sticker","!verify","!stickermenu","!menu","#sgif","!sgif","!ttg","#add","#stiker","#add","!ttg","zhelp","#add","!groupmenu",":)","...","!jadian","#izin","!linkgrup","#bot+izin","#tomig","#toimg","!sgif","#sticker","#brainly","!stiker","#sticker","!menu","#verify","!stiker","#slot","#brainly","#stiker","!grupmenu",".slot",".slot","#stiker","!ttp","!sgif","!toimg","#menu","!limit","!stickermeme","#limit","!stickermenu","#daftar","#stiker","#add","!menu","#daftar","#menu","!ttp2","!tiktok","#register","#daftar","#stickermenu","#menu","!stiker","#i","!i","/menu","/tt2","#menu","#help","#sticker","!sgif","!sgif","#sticker",":v","#sticker","!sgif","/menu","#play","!verify","==========","#add","==========","#add","#menu","!sgif","#sticker","!sticker","#sider","!stiker","#stiker","#menu","#toimg","#menu","#link","#linkgrup","!ttp","#del","#add","!cs","zhelp","#tagall","#hidetag","#hidetag","#bugtroli","#kick","#hidetag5","#stiker","#menu","#sticker","/menu","/claim","+500","/pinterest","/menu","#sticker","!stiker","#sticker","!verify","#stiker","?","/menu","/attp2","#stiker","#sticker","!stiker","/menu2","#stiker","/stiker","#stiker","#stiker","!sticker","/lock",".addimage",".addimage",".getimage",".getimage",".","#sticker","#sticker","#sticker","!verify","#sticker","#sgif","#sticker","#play","!","#sticker","#sticker","!sticker","#sticker","#sticker","!verify","#play","!sticker",".","!","!tiktok","#sticker","!verify","!stiker","#stikertransparan","#stiker","!menu","#sticker","#stiker","!fisheye","#grupmenu","#groupmenu","#linkgrup","#stiker","#sider","#sider",".play","!attp",".listpremium",".simiprivate",".simiprivate",":(","!tiktoknowm","!iklan",".menu",".jadiadmin",".ownermenu","#linkgroup","!veryfy","!verify","!register","/stiker","#linkgroup","#level","#sticker","#add","#add",".sewabot","#daftar","#attp",".self","#add","#attp",".simiprivate","#add","#add",".bot",".p","#add","!attp",".bot",".simiprivate","#add","#attp","#add","#add",".tes","#attp",".tess","#hidetag","#group",".nulis",".tess",".nulis","#group",".nulis",".nulis","#sticker","#nulis","!stiker",".nulis","#sider","/afk","#sticker","?knp?",".menu","#sticker","#sticker","#makermenu",".runtime","#afk","#makermenu",".runtime",".public",".tes","#sticker","#stiker","/link","/register","/link","/s","!verify","#stiker","#add","#add","#makermenu","#patrick","#patrick","#patick","/link","#ttg","#sticker","!verify","#add","!claim","+500","#claim","+500","#add","#join","!play","#join","#attp",".profile","!play",".profile","/menu","#lirik","?","?","?","?","?","+500","!menu","!verify","!menu","#attp","!dowload","!downloadmenu","!play","#semoji","#semoji","#daftar","#semoji","!stickermenu","#menu","#stiker","#lirik",".menu","#stiker","#play",".menu","!verify","!menu","!yaoi","!tiktok","#stiker","#sticker","#semoji","#semoji","#menu","/menu","#semoji",".profile","#stiker","/stiker","#linkgrup","#sticker","#bagilinkgru","#owner-kayla","#help",".stiker","#tiktok","#sticker","#sticker","#hidetag","#hidetag","#sticker","#","#verify","#sticker","#tts","#sticker","#sticker","#sticker","#sticker","#sticker","#sticker","#sticker","!sgif","#sticker","#stiker","#sticker","#stiker","#verify","#sticker",".math","-37",".simiprivate","<5","#stiker","?🗿","#sticker","#sticker","#sticker","#sticker","#sticker","#sticker","#sticker",".googleimage",".menu","#sticker",".images",".claim","#menu","#toimg",".play","zplay",".play",".limit","#gif","#sgif",".brainly",":v",".bcbot",".debounce","#s",".bcgc",".play","#s","#claim","+500","+500","#s","#afk","#sgif","#ttt","#ttt","#stiker","/lock","#menu","#stiker","!stiker","!stiker","#sgif",".kerangmenu",".simiprivate","#stiker",".othermenu","!",".makermenu","!galaxystyle","!galaxystyle",".sticker","#stiker","#stiker","zsticker","#ppcouple","#ppcouple","!ig","#ppcouple","#couple","!tts","#ppcouple","#ppcouple","#ppcouple",".asupan3",".asupan3","#sticker",".asupan3","#ttb","#menu","#ttp","#ttg","!sgif",".ptlvid",".ptlvid2",".ptlvid2",".ptlvid2",".ptlvid2",".ptlvid2",".ev",".ev",".runtime",".asupan2",".asupan2",".asupan2",".asupan2",".asupan2",".asupan2",".asupan2",".asupan2",".asupan",".ptlvid",".self",".simiprivate","---(",".public","#menu","/menu","/verif","#tiktok",".tiktok","/tiktok","#menu","#استكر","#sticker","#sticker","!sgif","!sgif","#fb","!","!menu",".self",".p","!sticker","!","#owner","/join","#add","#menu","#sticker","#bot","#menu","/menu","#level",".","#sticker","#stiker",".p",".p",".p",".p",".p",".ping",".menu",".p",".self","#stiker",".public",".self",".p",".p",".p",".p",".p",".p",".p",".p",".simi",".p",".p",".p",".menu",".p",".me",".status",".self","!help",".public","#menu","!help","#ytmp3",".menu",".self",".menu",".p",".s","#daftar",".p","!menu",".play",".ev",".self",".p",".owner","#sticker","#ttg",".menu","#menu",".p","#sgif",".p","#menu",".public","#daftar",".p","#sticker","#sticker","#sticker","#stiker","!menu","!animemenu","!nhentaipdf","!randommkiss","!randomkiss","!randomhug","!randomcry","!nhentaipdf","!nhentaipdf","!nsfw","!menu",".level","-----[","-----[","-----[","-----[","!attp","-----[",".menu","!animemenu","!attp","!nhentaipdf","!menu","!funmenu","!pantunpakboy","!ibnu","#owmer","!nhentaipdf","#owner",".level","-----[","-----[","!attp","-----[","-----[","-----[","!nhentaipdf","!nsfw","!tiktoknowm","!pantunpakboy",".image",".image","!randomkiss",".ptlvid2","!randomkiss","!randomkiss","!randomkiss","!randomkiss","!randomkiss","!randomkiss","!randomkiss","!randomkiss","!randomkiss","!randomkiss","!randomkiss","!randomkiss","!randomkiss",".image","!menu",".image","!daftar",".image",".runtime",".","#sticker","#listpremium","#menuid","!tiktok","#virtex","!tiktok","#help",":':-)",".runtime","#owner",".simiprivate",".simiprivate","#wts\n\n[promo]","-_",".p",".menu","#menu",".stickermenu",".toimg","!stiker","#sticker","#ig","#استكر","#tiktok","#استكر","#استكر","#tiktok","!owner","#tiktok","#tiktok","/unlock","#tiktok","/tagall","#jadibot","#ig","#ig",".p",".tes",".tes",".tes","#slos","#menu",".p",".tes",".tes","#botgroup",".tes",".menu",".menu","#menu","/menu","#stiker",".p",".tes",".p","#stiker","#stiker",".tes",".runtime",".menu","/kadargay","/kadargay",".p","#play",".menu","#menu","/menu","#tebakgambar","#play","/menu","/menu14","#menuid",".p","#menuid",".p","/play","/tebakgambar",".tes",".p",".self",".menu",".menu",".p",".self",".simiprivate",".simiprivate",".p",".simiprivate",".public",".play","#nulis","#stiker",".","#verify","#menu","#system","#systemmenu",".ev",".ev","#ownermenu",".ev","#infomenu","!owner",".ev",".ev","#othermenu",".ev","#tiktok",".ev",".ev","#stiker",".asupan2","#",":v",".asupan2",".asupan2","#groupmenu","#tts","#","!verify","!menu","!","!ownermenu","!",".asupan2","/link","#menu","#makermenu",".menu","!numberowner","!ukir","!menu","!verivy","#animemenu","!infomenu","!owner","!verify","!randomkiss","#stiker",".owner",".owner","!in","!me","#menu","/menu",".menu","#owner","#menu","#sewabot","!claim","#menu","#help","#info",".self","#menu","#menu","©️🆗","©️🆗",".donasi",".donasi",".ev",".ev",".ev",".ev",".ev","?","#stiker",".ev",".public",".ev","?",".ev",".bucin",".menu",".ev","#stiker","#menu","!tiktoknowm","#menu","/kadargay","!verify","!play",".","!tiktoknowm","#getpic","©️🆗","!verify","!toimg","!toimg","!menu",".grub",".lock",".unlock",".antilink",".antilink",".self",".lock",".",".antibadword","©️🆗",".antibadword",".surah",".surahaudio",".locl",".lock",".asupan2",".asupan2",".asupan2",".menu",".grub",".unlock",".tagall",".asupan2",".delete","#menu","#attp",".attp",".public",".attp","!menu",".menu",".menu","!menu","#menu","!ttp","!makermenu","!attp","!ttp","!ttp","!ttp",".image","#menu","#stiker","#menu","#stiker","#stikermenu","#makermenu","!esticker","!neongreen","!neonblue","#sgif","!esticker",".bucin","#botgroup","!esticker","!stikergf","!esticker","!clyde","!stickergf","#sticker","#makermenu","!esticker","!nulis","!esticker","#daftar","#fflogo","#fflogo","!changemymind","#makermenu","#daftar","!galaxystyle","!menu","#daftar","!galaxystyle","!cs","#downloadmenu","!verify","!menu","!menu","!tiktok","!sgif","!admingrup","!animemenu","!join","!kemono","!sgif","!sagiri",".asupan2","!verify","!sgif",".ffserti",".ffserti","!tiktoknowm","#sticker","!stickermenu",".bucin","#sticker",".quotes","!gura","#sticker","!patrick","!praymenu","#sticker","#menu","!menu","#sticker","!menu","!tomp3","!verify","!tomp3","#sticker","!nsfwmenu","!mediamenu","#sticker","#semoji","#attp","!pasangan","!","!tomp1","#memek1","!igdonlowd","!menu","!ig","!menu","!groupmenu","!makermenu","!makermenu","!ttp","#sticker","!freefire","!daftar","!freefire","#sticker","#stiker","!ownermenu","!afk","#sticker",".","!verity","!menu","#sticker","!verify",".freefire","#hacker","#attp","!gift","#fflogo","!sgif",".","#sticker🖕","#fflogo","#attp","#ttp","!verify","#sgif","#wa","#ttp",".welcome","#stcmeme","#stiker","!galaxystyle","!galaxystyle","!freefire","#freefire","#menu","#menu","!verify","!freefire","#stcmeme","#sticker","#sticker","#menu","!verify",".menu","!menu","!nsfwmenu","!groupmenu","!ownermenu","#sticker","!othermenu","!infomotor","#attp",".infomotor",".ev",".ev",".ev","zmzh",".ev",".ev",".ev",".ev",".ev","#toimg","!menu",".ev",".ev","#toimg","!nulis","!nulis","!michele","!nulis","!nulis","#self",".bokep",".asupan2","!nulis",".play",".limit","!nulis","!nulis","!nulis","#stcmeme","/stiker","!nulis","#faketag","#menu","#tagall","#owner","#afk","/afk","#afk","!help","#hacker","!nulis","!darkjokes","#all","#allmenu","?","!menu","#help","!menu","!verify","!fb","!menu","#sticker","!antilink","!fb","#menu","#daftar|hendra18|jateng|","#antilink",".hehe","#stiker",".hehe",".p",".p",".menu",".p",".status","---(","!nsfw",".p",".hehe",".play",".ytmp3","#buggc",".p",".p",".p",".p","!","!premiummenu","!premummenu",".","!menu","!premiummenu","!systemenu",".p","!sytemmenu",".",".asupan2",".owner",".bot",".public","!play","!tomp3","#menu","!verify","#menu","#sewabot","#menu","#antilink","#verify","#antilink","#sewabot","#owner","#verify","#menu","#verify","#menu","#bc","#menu","#bc",".","-verify","!help","!verify","!join","!help","!toimg",".play",".play",".listvn",".play",".play",".bass","#menu","/unlock",".tagall","#ytmp3","#ytmp3",".toimg","#sticker",".stiker",".grub","#ytmp3","!steks",".linkgrup","!menu","/ttp",":v","#ytmp3",".stiker","#linkgrup",".ptlvid2",".asupan2","/ttp","/verif",".ptlvid2",":v",".bokep","/del","#math","#claim","+500",".bokep","/del","#math","-5",".image","/menu","/delete","#stickergif","/menu16",".image","/ttp","/ttp","/ttp",".image","/ttp",".image",".image","/del","/delete","/ttp",".image",".image",".triggered","/delete",".menu",".here",".menu",".here",".hidetag",".here",".jadibot",".hidetag",".jadibot",".here",".images",".lb","•",".lb","•",".here",".image",".here",".verif",".here",".verify",".image",".link",".here",".here","#linkgroup",".here","/kick",".here",".menu","!sticker","!verify","!galaxystyle","!menu","!stickermenu","#galaxy","#galaxy","!patrick","!patrick","!patrick","!doge","!stickermeme","!stickermeme","#galaxy","!esticker","#claim","!esticker","!esticker","!verify","!esticker","!esticker","!esticker","!sticker","!esticker🖕🏻","!esticker😡","!esticker🤙🏻","!esticker🤣","!cat","!cat","!sticker","!sgif","!menu",".image","!sliding",".self","!patrick","!patrick","!petrick","!doge","#togif","!sticker","!snobg","!patrick","!patrick","#togif","#menu","!patrick","#help","!patrick","!patrick","!patrick","!patrick","!patrick","!patrick","#antiwibu","!spongebob",".public","!patrick","!patrick","!sticker","!stiker","!sticker","!sticker","!sticker","!sgif","!sgif","!toimg","!sgif","#stickergif","#daftar|ade|20|garut|","!sgif",".menh",".menu",".menu",".menu",".p","#stcmeme","#stcmeme","#menu","!ig","!ig","#sewabot","#joingrup",".makermenu",".stickermenu",".sgif","!sticker","#tiktok","!","!patrick","!patrick","!stiker","!stiker","zs","#sticker","#sticker","....","#sticker","#tiktok","#tomig","#toimg","/sticker","/sticker","/sticker","/sticker","/sticker","/sticker","/sticker","#toimg","#menu","#welcome","#left","#left","#welcome","#left","#stiker","#math",".very_easy",".easy","#verify","#stiker","?","#stiker",".menu",".math",".stickmeme","#play",".math",".!verify","#play",".math",".math","!attp","!attp",".math",".math",".playv","!attp",".math",".playmp4",".play","!attp","#menu","#downloader","#animemenu",".ytmp4","#gif","#claim","#stikergif","#menu",".menu",".play","#claim","#ytmp3",".bucin",".play",".xzn","#",".claim",".bucin",".groupmenu","!autoclose","!autoclose","!autoclose","!autoclose",".autoinfo",".infoauto",".infoauto",".menu",".play",".images",".sticker","!verify",".tts",".playmp4",".stiker",".images",".joox",".tts","#sticker",".jadian",".tts",".tts",".level",".","#sgif",".leveling",".antinsfw",".tts",".antiporn",".tts","!esticker","!esticker",".menu","!verify",".nsfwmenu","#galaxy","#stiker","#galaxy","!sticker","#sticker","#stiker","!nowatermark","/stiker","#stiker","#stiker","#galaxy","#makermenu","#okick","#stiker","!ninjalogo","!pubgserti","!neonblue","!valentine","!blood","!verivy","!menu","#stiker","#okcik","#okick","!harta","!hologram3d","!wolfmetal","#stiker",".cekbalance",".bal","!harta","#setiker",".play","#s","!harta","!harta","!hologram3d","!verify",".enable","!hologram3d","!captcha","!verify","#disable","!help","#s","!captcha","!snow3d","#enable","!","!","#disable","!stickermenu","#nulis","!menu","#s","#s","#sticker","!patrick","!menu","#s","!ttp","#setiker","#s","!sewabot","!ttp","!tiktok╔══✪〘","!box3d","#hidetag","!box3d","#stiker","!ttp","#makermenu","!box3d","#s","!verify",".p",":v","!summer3d","!mlserti5[noob_king]","!ttp","!steel3d",":v","#okick","!steel3d","!minion","!ttp","#sgif","!minion","#steel","!minion","#daftar","!snow3d","#okick","!rules","!box3d","!register","!ttp","!blackpink","#ping","#ping","!tolol",".p","#facebook","!tolol","!tollol","!firemaker","#stiker","#setiker","#ping","!mlserti","#s",".p","!ttp","!ffbanner","!ttp","!mlserti","!firemaker","!ttp","!mlserti","!mlserti","#mlserti","!mlserti","!ttp","!mlserti","!mlserti","!cmd",".","#cmd","!mlserti","!ttp","#cmd",".p","!mlserti","!ttp","#cmd",".menu","!ttp","#stiker",".p","!ttp","!ttp","!ttp",".p","!ttp","#menu",".linkgc",".p",".play",".p","$harta",".play",".play","!ttp","!news","!ttp",".",".",".",".jadwalsholat",".images","!menu","!tiktok","!ttp","$",".add","#sticker","!ttp","!ttp","!ttp","#menu","#glitchtext","#tiktok","!kick",":v","!groupmenu","!closegc","!:v",".play","!media",".play",".play","!mlserti","!play","#sticker",".s","!mlserti","!verify","!menu",".menu",".shop",".family100","!afk",".verif",".verify",".menu",".kick","!afk","!verify",".afk","!afk","!owner","!afk",".lol",".verify",".p","!menu","!menu","!adminbot","!stikermenu","!dadu",".afk","!verify",".afk","!esticker",".afk","!esticker","?lucu","!ttp","!","?","!toimg",".menu","!ttp",".menu","!ttp",".",".family100",".cayalonte","!ttp","!tiktok","!tiktok","!tiktok","!tiktok","!tiktok","!ttp","!tiktok",".play","!tiktok","!tiktok","!tiktok","!tiktok","!tiktok","!tiktok","!tiktok","!ttp","!verify","!tiktok","!tiktok","!tiktok","!tiktok","!tiktok","!tiktok",".work","!tiktok","#math","#math","!verify","!sticker","!ig",".listpremium","#tiktok","!menu","!","!menu","!downloadmenu","!ttp","!downloadmenu","!verify","!menu","!menu","!stickermenu","!stickermenu","!patrick","#stickerwaifu","!patrick","!ttp2","!toimg","!toimg","!ttp","!","!sticker","#play","!verify","!animesticker","!","!menu","!ttp","!ttp","!ttp",".work","!stickermenu","!register","!rules","!stickermeme","!menu","!ttp","!stickerwaifu","!ttp","!play","!ttp",".work",".job","!ttp","!sticker","#claim","!gift","#claim","!ttp","#register","!stickergift","!attp","#menu",".joox","#sticker","#husbu","!verify","!tiktoknowm","!blood","!menu","!stickergif","!stickergif","!stickergif",".joox","!harta","!harta",".joox","!harta","!verify","#stiker","!harta","#stiker","#stiker","#stiker","!menu","!harta","!harta","!harta","!downloadmenu","!harta",".math","-4","-6","-4","#stiker",".math","#stiker","/math",".math","-17","-5","!vintage",".math","#vintage","!firemaker","!kanna",".play","!bokeh",".play",".math","!sticker",".ev","!bokeh","!avanger","!bokeh",".shop",".menu",".ev","#",".level","!esticker",".s","!sticker","!pubgserti",".ev",".ev",".ev","!mlmaker","#sticker","!cute","!","!menu","!downloadmenu","?","!ytmp3","!ytmp3","#sticker","#sticker",".bot","#say",".bot","#apakah","!ytmp4","!ytmp3",".work","#sticker","#sticker","#sticker",".work",".p",".jadwalsholat",".menu",".profile","#","!verif","!verify",".profile",".hoki",".verify",".menu","#",".runtime",".jadibot",".ytmp3",".menu",".verify","#daftar",".limit","!verify",".afk","#tiktok","!sewabot",".limit",".balance",".cekbalance",".ferify",".ferify",".menu","!menu",".menu","#afk","!afk",".tag",".verify",".menu","!sticker","!menu",".",".menu","!stickermenu",".public",".getses",".self","!sticker","!sticker",".public","!help","!stickermenu","!sticker","!sticker",".p",".reset",".","!reset",".self",".closegc","!tiktok","!tiktok","!tiktok","!tiktok","!tiktok","!tiktok","!tiktok","!tiktok","!tiktok","!tiktok","!tiktok","!tiktok","!register","!tiktok","!tiktok","!","!tiktok","!tiktok","!tiktok","!take","zeen","zeone","!groupmenu","/menu","zmemu","??","!menu","#pcc","!public","!off","#stiker","!ig","githubsearch","githubsearch","xnxxdl","xnxxdl","menu","xnxxdl","xnxxdl","xnxxdl","menu","menu","menu","menu","menu","menu","menu","menu","menu","menu","menu","xnxxsearch","xnxxsearch","otakudesu","otakudesu","otakudesu","menu","menu","menu","menu","menu","menu","menu","menu","menu","menu","menu","menu","kontol","ngentof","halo","asuu","menu","menu","menu","menu","xnxxsearch","xnxxsearch","groupwa","nhentaisearch","menu","menu","menu","menu","flaming","flaming","flaming","fur","glitch","glitch","glitch","menu","menu","menu","menu","mebu","menu","owner","owner","menu","menu","menu","menu","menu","menu","menu","tebakgambar","tebakgambar","family100","family100","family100","quotes","menu","menu","menu","menu","information"]