{
  "users": {
    "6281313131268@s.whatsapp.net": {
      "healt": 100,
      "level": 0,
      "exp": 6,
      "limit": 10,
      "lastclaim": 0,
      "money": 0,
      "diamond": 0,
      "iron": 0,
      "common": 0,
      "uncommon": 0,
      "mythic": 0,
      "legendary": 0,
      "pet": 0,
      "potion": 0,
      "sampah": 0,
      "armor": 0,
      "kucing": 0,
      "kucinglastclaim": 0,
      "kuda": 0,
      "kudalastclaim": 0,
      "rubah": 0,
      "rubahlastclaim": 0,
      "anjing": 0,
      "anjinglastclaim": 0,
      "Banneduser": false,
      "BannedReason": "",
      "warn": 0,
      "afk": -1,
      "afkReason": "",
      "anakkucing": 0,
      "anakkuda": 0,
      "anakrubah": 0,
      "anakanjing": 0,
      "makananpet": 0,
      "antispam": 0,
      "antispamlastclaim": 0,
      "kayu": 0,
      "batu": 0,
      "string": 0,
      "sword": 0,
      "sworddurability": 0,
      "pickaxe": 0,
      "pickaxedurability": 0,
      "fishingrod": 0,
      "fishingroddurability": 0,
      "lastadventure": 0,
      "lastfishing": 0,
      "lastdungeon": 0,
      "lastduel": 0,
      "lastmining": 0,
      "lasthunt": 0,
      "lastweekly": 0,
      "lastmonthly": 0,
      "registered": false,
      "name": "+62 813-1313-1268",
      "regTime": -1,
      "autolevelup": true,
      "ah": [],
      "mission": {}
    },
    "6282328303332@s.whatsapp.net": {
      "healt": 3,
      "level": 0,
      "exp": 1900,
      "limit": 10,
      "lastclaim": 0,
      "money": 7332,
      "diamond": 0,
      "iron": 0,
      "common": 2,
      "uncommon": 1,
      "mythic": 0,
      "legendary": 0,
      "pet": 0,
      "potion": 1,
      "sampah": 238,
      "armor": 0,
      "kucing": 0,
      "kucinglastclaim": 0,
      "kuda": 0,
      "kudalastclaim": 0,
      "rubah": 0,
      "rubahlastclaim": 0,
      "anjing": 0,
      "anjinglastclaim": 0,
      "Banneduser": false,
      "BannedReason": "",
      "warn": 0,
      "afk": -1,
      "afkReason": "",
      "anakkucing": 0,
      "anakkuda": 0,
      "anakrubah": 0,
      "anakanjing": 0,
      "makananpet": 0,
      "antispam": 0,
      "antispamlastclaim": 0,
      "kayu": 40,
      "batu": 0,
      "string": 29,
      "sword": 0,
      "sworddurability": 0,
      "pickaxe": 0,
      "pickaxedurability": 0,
      "fishingrod": 0,
      "fishingroddurability": 0,
      "lastadventure": 1636197484200,
      "lastfishing": 0,
      "lastdungeon": 0,
      "lastduel": 0,
      "lastmining": 0,
      "lasthunt": 0,
      "lastweekly": 0,
      "lastmonthly": 0,
      "registered": false,
      "name": "rizkyadi",
      "regTime": -1,
      "autolevelup": true,
      "ah": [],
      "mission": {},
      "emas": 0,
      "pancing": 0,
      "lastslot": 1636199124143,
      "pedang": 0
    },
    "6287867490792@s.whatsapp.net": {
      "healt": 100,
      "level": 0,
      "exp": 0,
      "limit": 10,
      "lastclaim": 0,
      "money": 0,
      "diamond": 0,
      "iron": 0,
      "common": 0,
      "uncommon": 0,
      "mythic": 0,
      "legendary": 0,
      "pet": 0,
      "potion": 0,
      "sampah": 0,
      "armor": 0,
      "kucing": 0,
      "kucinglastclaim": 0,
      "kuda": 0,
      "kudalastclaim": 0,
      "rubah": 0,
      "rubahlastclaim": 0,
      "anjing": 0,
      "anjinglastclaim": 0,
      "Banneduser": false,
      "BannedReason": "",
      "warn": 0,
      "afk": -1,
      "afkReason": "",
      "anakkucing": 0,
      "anakkuda": 0,
      "anakrubah": 0,
      "anakanjing": 0,
      "makananpet": 0,
      "antispam": 0,
      "antispamlastclaim": 0,
      "kayu": 0,
      "batu": 0,
      "string": 0,
      "sword": 0,
      "sworddurability": 0,
      "pickaxe": 0,
      "pickaxedurability": 0,
      "fishingrod": 0,
      "fishingroddurability": 0,
      "lastadventure": 0,
      "lastfishing": 0,
      "lastdungeon": 0,
      "lastduel": 0,
      "lastmining": 0,
      "lasthunt": 0,
      "lastweekly": 0,
      "lastmonthly": 0,
      "registered": false,
      "name": "Dimas Oy Oy Menolak Sadar G Pake Jr + Ganteng",
      "regTime": -1,
      "autolevelup": true,
      "ah": [],
      "mission": {}
    },
    "6281319918243@s.whatsapp.net": {
      "healt": 100,
      "level": 0,
      "exp": 149,
      "limit": 10,
      "lastclaim": 0,
      "money": 0,
      "diamond": 0,
      "iron": 0,
      "common": 0,
      "uncommon": 0,
      "mythic": 0,
      "legendary": 0,
      "pet": 0,
      "potion": 0,
      "sampah": 0,
      "armor": 0,
      "kucing": 0,
      "kucinglastclaim": 0,
      "kuda": 0,
      "kudalastclaim": 0,
      "rubah": 0,
      "rubahlastclaim": 0,
      "anjing": 0,
      "anjinglastclaim": 0,
      "Banneduser": false,
      "BannedReason": "",
      "warn": 0,
      "afk": -1,
      "afkReason": "",
      "anakkucing": 0,
      "anakkuda": 0,
      "anakrubah": 0,
      "anakanjing": 0,
      "makananpet": 0,
      "antispam": 0,
      "antispamlastclaim": 0,
      "kayu": 0,
      "batu": 0,
      "string": 0,
      "sword": 0,
      "sworddurability": 0,
      "pickaxe": 0,
      "pickaxedurability": 0,
      "fishingrod": 0,
      "fishingroddurability": 0,
      "lastadventure": 0,
      "lastfishing": 0,
      "lastdungeon": 0,
      "lastduel": 0,
      "lastmining": 0,
      "lasthunt": 0,
      "lastweekly": 0,
      "lastmonthly": 0,
      "registered": false,
      "name": "Arbian",
      "regTime": -1,
      "autolevelup": true,
      "ah": [],
      "mission": {},
      "emas": 0,
      "pancing": 0,
      "lastslot": 0
    },
    "628557231695@s.whatsapp.net": {
      "healt": 100,
      "level": 0,
      "exp": 18,
      "limit": 10,
      "lastclaim": 0,
      "money": 0,
      "diamond": 0,
      "iron": 0,
      "common": 0,
      "uncommon": 0,
      "mythic": 0,
      "legendary": 0,
      "pet": 0,
      "potion": 0,
      "sampah": 0,
      "armor": 0,
      "kucing": 0,
      "kucinglastclaim": 0,
      "kuda": 0,
      "kudalastclaim": 0,
      "rubah": 0,
      "rubahlastclaim": 0,
      "anjing": 0,
      "anjinglastclaim": 0,
      "Banneduser": false,
      "BannedReason": "",
      "warn": 0,
      "afk": -1,
      "afkReason": "",
      "anakkucing": 0,
      "anakkuda": 0,
      "anakrubah": 0,
      "anakanjing": 0,
      "makananpet": 0,
      "antispam": 0,
      "antispamlastclaim": 0,
      "kayu": 0,
      "batu": 0,
      "string": 0,
      "sword": 0,
      "sworddurability": 0,
      "pickaxe": 0,
      "pickaxedurability": 0,
      "fishingrod": 0,
      "fishingroddurability": 0,
      "lastadventure": 0,
      "lastfishing": 0,
      "lastdungeon": 0,
      "lastduel": 0,
      "lastmining": 0,
      "lasthunt": 0,
      "lastweekly": 0,
      "lastmonthly": 0,
      "registered": false,
      "name": "Riff",
      "regTime": -1,
      "autolevelup": true,
      "ah": [],
      "mission": {},
      "emas": 0,
      "pancing": 0,
      "lastslot": 0
    },
    "6288210731730@s.whatsapp.net": {
      "healt": 100,
      "level": 0,
      "exp": 74,
      "limit": 10,
      "lastclaim": 0,
      "money": 0,
      "diamond": 0,
      "iron": 0,
      "common": 0,
      "uncommon": 0,
      "mythic": 0,
      "legendary": 0,
      "pet": 0,
      "potion": 0,
      "sampah": 0,
      "armor": 0,
      "kucing": 0,
      "kucinglastclaim": 0,
      "kuda": 0,
      "kudalastclaim": 0,
      "rubah": 0,
      "rubahlastclaim": 0,
      "anjing": 0,
      "anjinglastclaim": 0,
      "Banneduser": false,
      "BannedReason": "",
      "warn": 0,
      "afk": -1,
      "afkReason": "",
      "anakkucing": 0,
      "anakkuda": 0,
      "anakrubah": 0,
      "anakanjing": 0,
      "makananpet": 0,
      "antispam": 0,
      "antispamlastclaim": 0,
      "kayu": 0,
      "batu": 0,
      "string": 0,
      "sword": 0,
      "sworddurability": 0,
      "pickaxe": 0,
      "pickaxedurability": 0,
      "fishingrod": 0,
      "fishingroddurability": 0,
      "lastadventure": 0,
      "lastfishing": 0,
      "lastdungeon": 0,
      "lastduel": 0,
      "lastmining": 0,
      "lasthunt": 0,
      "lastweekly": 0,
      "lastmonthly": 0,
      "registered": false,
      "name": "Rega",
      "regTime": -1,
      "autolevelup": true,
      "ah": [],
      "mission": {},
      "emas": 0,
      "pancing": 0,
      "lastslot": 0
    },
    "6289621622395@s.whatsapp.net": {
      "healt": 3,
      "level": 0,
      "exp": 135,
      "limit": 10,
      "lastclaim": 0,
      "money": 156,
      "diamond": 1,
      "iron": 0,
      "common": 0,
      "uncommon": 1,
      "mythic": 0,
      "legendary": 0,
      "pet": 0,
      "potion": 1,
      "sampah": 41,
      "armor": 0,
      "kucing": 0,
      "kucinglastclaim": 0,
      "kuda": 0,
      "kudalastclaim": 0,
      "rubah": 0,
      "rubahlastclaim": 0,
      "anjing": 0,
      "anjinglastclaim": 0,
      "Banneduser": false,
      "BannedReason": "",
      "warn": 0,
      "afk": -1,
      "afkReason": "",
      "anakkucing": 0,
      "anakkuda": 0,
      "anakrubah": 0,
      "anakanjing": 0,
      "makananpet": 0,
      "antispam": 0,
      "antispamlastclaim": 0,
      "kayu": 62,
      "batu": 0,
      "string": 25,
      "sword": 0,
      "sworddurability": 0,
      "pickaxe": 0,
      "pickaxedurability": 0,
      "fishingrod": 0,
      "fishingroddurability": 0,
      "lastadventure": 1636199441155,
      "lastfishing": 0,
      "lastdungeon": 0,
      "lastduel": 0,
      "lastmining": 0,
      "lasthunt": 0,
      "lastweekly": 0,
      "lastmonthly": 0,
      "registered": false,
      "name": ".. wht ..",
      "regTime": -1,
      "autolevelup": true,
      "ah": [],
      "mission": {},
      "emas": 0,
      "pancing": 0,
      "lastslot": 0
    },
    "6289652414942@s.whatsapp.net": {
      "healt": 100,
      "level": 0,
      "exp": 153,
      "limit": 10,
      "lastclaim": 0,
      "money": 0,
      "diamond": 0,
      "iron": 0,
      "common": 0,
      "uncommon": 0,
      "mythic": 0,
      "legendary": 0,
      "pet": 0,
      "potion": 0,
      "sampah": 0,
      "armor": 0,
      "kucing": 0,
      "kucinglastclaim": 0,
      "kuda": 0,
      "kudalastclaim": 0,
      "rubah": 0,
      "rubahlastclaim": 0,
      "anjing": 0,
      "anjinglastclaim": 0,
      "Banneduser": false,
      "BannedReason": "",
      "warn": 0,
      "afk": -1,
      "afkReason": "",
      "anakkucing": 0,
      "anakkuda": 0,
      "anakrubah": 0,
      "anakanjing": 0,
      "makananpet": 0,
      "antispam": 0,
      "antispamlastclaim": 0,
      "kayu": 0,
      "batu": 0,
      "string": 0,
      "sword": 0,
      "sworddurability": 0,
      "pickaxe": 0,
      "pickaxedurability": 0,
      "fishingrod": 0,
      "fishingroddurability": 0,
      "lastadventure": 0,
      "lastfishing": 0,
      "lastdungeon": 0,
      "lastduel": 0,
      "lastmining": 0,
      "lasthunt": 0,
      "lastweekly": 0,
      "lastmonthly": 0,
      "registered": false,
      "name": "+62 896-5241-4942",
      "regTime": -1,
      "autolevelup": true,
      "ah": [],
      "mission": {},
      "emas": 0,
      "pancing": 0
    },
    "6283817420962@s.whatsapp.net": {
      "healt": 100,
      "level": 0,
      "exp": 130,
      "limit": 10,
      "lastclaim": 0,
      "money": 0,
      "diamond": 0,
      "iron": 0,
      "common": 0,
      "uncommon": 0,
      "mythic": 0,
      "legendary": 0,
      "pet": 0,
      "potion": 0,
      "sampah": 0,
      "armor": 0,
      "kucing": 0,
      "kucinglastclaim": 0,
      "kuda": 0,
      "kudalastclaim": 0,
      "rubah": 0,
      "rubahlastclaim": 0,
      "anjing": 0,
      "anjinglastclaim": 0,
      "Banneduser": false,
      "BannedReason": "",
      "warn": 0,
      "afk": -1,
      "afkReason": "",
      "anakkucing": 0,
      "anakkuda": 0,
      "anakrubah": 0,
      "anakanjing": 0,
      "makananpet": 0,
      "antispam": 0,
      "antispamlastclaim": 0,
      "kayu": 0,
      "batu": 0,
      "string": 0,
      "sword": 0,
      "sworddurability": 0,
      "pickaxe": 0,
      "pickaxedurability": 0,
      "fishingrod": 0,
      "fishingroddurability": 0,
      "lastadventure": 0,
      "lastfishing": 0,
      "lastdungeon": 0,
      "lastduel": 0,
      "lastmining": 0,
      "lasthunt": 0,
      "lastweekly": 0,
      "lastmonthly": 0,
      "registered": false,
      "name": "+62 838-1742-0962",
      "regTime": -1,
      "autolevelup": true,
      "ah": [],
      "mission": {},
      "emas": 0,
      "pancing": 0,
      "lastslot": 0
    },
    "628114131497@s.whatsapp.net": {
      "healt": 100,
      "level": 0,
      "exp": 268,
      "limit": 10,
      "lastclaim": 0,
      "money": 0,
      "diamond": 0,
      "iron": 0,
      "common": 0,
      "uncommon": 0,
      "mythic": 0,
      "legendary": 0,
      "pet": 0,
      "potion": 0,
      "sampah": 0,
      "armor": 0,
      "kucing": 0,
      "kucinglastclaim": 0,
      "kuda": 0,
      "kudalastclaim": 0,
      "rubah": 0,
      "rubahlastclaim": 0,
      "anjing": 0,
      "anjinglastclaim": 0,
      "Banneduser": false,
      "BannedReason": "",
      "warn": 0,
      "afk": -1,
      "afkReason": "",
      "anakkucing": 0,
      "anakkuda": 0,
      "anakrubah": 0,
      "anakanjing": 0,
      "makananpet": 0,
      "antispam": 0,
      "antispamlastclaim": 0,
      "kayu": 0,
      "batu": 0,
      "string": 0,
      "sword": 0,
      "sworddurability": 0,
      "pickaxe": 0,
      "pickaxedurability": 0,
      "fishingrod": 0,
      "fishingroddurability": 0,
      "lastadventure": 0,
      "lastfishing": 0,
      "lastdungeon": 0,
      "lastduel": 0,
      "lastmining": 0,
      "lasthunt": 0,
      "lastweekly": 0,
      "lastmonthly": 0,
      "registered": false,
      "name": "Ichi",
      "regTime": -1,
      "autolevelup": true,
      "ah": [],
      "mission": {},
      "emas": 0,
      "pancing": 0,
      "lastslot": 0
    },
    "6289529257002@s.whatsapp.net": {
      "healt": 100,
      "level": 0,
      "exp": 7,
      "limit": 10,
      "lastclaim": 0,
      "money": 0,
      "diamond": 0,
      "iron": 0,
      "common": 0,
      "uncommon": 0,
      "mythic": 0,
      "legendary": 0,
      "pet": 0,
      "potion": 0,
      "sampah": 0,
      "armor": 0,
      "kucing": 0,
      "kucinglastclaim": 0,
      "kuda": 0,
      "kudalastclaim": 0,
      "rubah": 0,
      "rubahlastclaim": 0,
      "anjing": 0,
      "anjinglastclaim": 0,
      "Banneduser": false,
      "BannedReason": "",
      "warn": 0,
      "afk": -1,
      "afkReason": "",
      "anakkucing": 0,
      "anakkuda": 0,
      "anakrubah": 0,
      "anakanjing": 0,
      "makananpet": 0,
      "antispam": 0,
      "antispamlastclaim": 0,
      "kayu": 0,
      "batu": 0,
      "string": 0,
      "sword": 0,
      "sworddurability": 0,
      "pickaxe": 0,
      "pickaxedurability": 0,
      "fishingrod": 0,
      "fishingroddurability": 0,
      "lastadventure": 0,
      "lastfishing": 0,
      "lastdungeon": 0,
      "lastduel": 0,
      "lastmining": 0,
      "lasthunt": 0,
      "lastweekly": 0,
      "lastmonthly": 0,
      "registered": false,
      "name": "Thomas",
      "regTime": -1,
      "autolevelup": true,
      "ah": [],
      "mission": {}
    },
    "6287897907561@s.whatsapp.net": {
      "healt": 100,
      "level": 0,
      "exp": 221,
      "limit": 10,
      "lastclaim": 0,
      "money": 0,
      "diamond": 0,
      "iron": 0,
      "common": 0,
      "uncommon": 0,
      "mythic": 0,
      "legendary": 0,
      "pet": 0,
      "potion": 0,
      "sampah": 0,
      "armor": 0,
      "kucing": 0,
      "kucinglastclaim": 0,
      "kuda": 0,
      "kudalastclaim": 0,
      "rubah": 0,
      "rubahlastclaim": 0,
      "anjing": 0,
      "anjinglastclaim": 0,
      "Banneduser": false,
      "BannedReason": "",
      "warn": 0,
      "afk": -1,
      "afkReason": "",
      "anakkucing": 0,
      "anakkuda": 0,
      "anakrubah": 0,
      "anakanjing": 0,
      "makananpet": 0,
      "antispam": 0,
      "antispamlastclaim": 0,
      "kayu": 0,
      "batu": 0,
      "string": 0,
      "sword": 0,
      "sworddurability": 0,
      "pickaxe": 0,
      "pickaxedurability": 0,
      "fishingrod": 0,
      "fishingroddurability": 0,
      "lastadventure": 0,
      "lastfishing": 0,
      "lastdungeon": 0,
      "lastduel": 0,
      "lastmining": 0,
      "lasthunt": 0,
      "lastweekly": 0,
      "lastmonthly": 0,
      "registered": false,
      "name": "Re-Bot Not Active",
      "regTime": -1,
      "autolevelup": true,
      "ah": [],
      "mission": {},
      "emas": 0,
      "pancing": 0,
      "lastslot": 0
    },
    "6281291234605@s.whatsapp.net": {
      "healt": 100,
      "level": 0,
      "exp": 168,
      "limit": 10,
      "lastclaim": 0,
      "money": 0,
      "diamond": 0,
      "iron": 0,
      "common": 0,
      "uncommon": 0,
      "mythic": 0,
      "legendary": 0,
      "pet": 0,
      "potion": 0,
      "sampah": 0,
      "armor": 0,
      "kucing": 0,
      "kucinglastclaim": 0,
      "kuda": 0,
      "kudalastclaim": 0,
      "rubah": 0,
      "rubahlastclaim": 0,
      "anjing": 0,
      "anjinglastclaim": 0,
      "Banneduser": false,
      "BannedReason": "",
      "warn": 0,
      "afk": -1,
      "afkReason": "",
      "anakkucing": 0,
      "anakkuda": 0,
      "anakrubah": 0,
      "anakanjing": 0,
      "makananpet": 0,
      "antispam": 0,
      "antispamlastclaim": 0,
      "kayu": 0,
      "batu": 0,
      "string": 0,
      "sword": 0,
      "sworddurability": 0,
      "pickaxe": 0,
      "pickaxedurability": 0,
      "fishingrod": 0,
      "fishingroddurability": 0,
      "lastadventure": 0,
      "lastfishing": 0,
      "lastdungeon": 0,
      "lastduel": 0,
      "lastmining": 0,
      "lasthunt": 0,
      "lastweekly": 0,
      "lastmonthly": 0,
      "registered": false,
      "name": "Evelly",
      "regTime": -1,
      "autolevelup": true,
      "ah": [],
      "mission": {}
    },
    "6281916259786@s.whatsapp.net": {
      "healt": 100,
      "level": 0,
      "exp": 61,
      "limit": 10,
      "lastclaim": 0,
      "money": 0,
      "diamond": 0,
      "iron": 0,
      "common": 0,
      "uncommon": 0,
      "mythic": 0,
      "legendary": 0,
      "pet": 0,
      "potion": 0,
      "sampah": 0,
      "armor": 0,
      "kucing": 0,
      "kucinglastclaim": 0,
      "kuda": 0,
      "kudalastclaim": 0,
      "rubah": 0,
      "rubahlastclaim": 0,
      "anjing": 0,
      "anjinglastclaim": 0,
      "Banneduser": false,
      "BannedReason": "",
      "warn": 0,
      "afk": -1,
      "afkReason": "",
      "anakkucing": 0,
      "anakkuda": 0,
      "anakrubah": 0,
      "anakanjing": 0,
      "makananpet": 0,
      "antispam": 0,
      "antispamlastclaim": 0,
      "kayu": 0,
      "batu": 0,
      "string": 0,
      "sword": 0,
      "sworddurability": 0,
      "pickaxe": 0,
      "pickaxedurability": 0,
      "fishingrod": 0,
      "fishingroddurability": 0,
      "lastadventure": 0,
      "lastfishing": 0,
      "lastdungeon": 0,
      "lastduel": 0,
      "lastmining": 0,
      "lasthunt": 0,
      "lastweekly": 0,
      "lastmonthly": 0,
      "registered": false,
      "name": "Julio Hehe",
      "regTime": -1,
      "autolevelup": true,
      "ah": [],
      "mission": {},
      "emas": 0,
      "pancing": 0,
      "lastslot": 0
    },
    "6283180911101@s.whatsapp.net": {
      "healt": 100,
      "level": 0,
      "exp": 21,
      "limit": 10,
      "lastclaim": 0,
      "money": 0,
      "diamond": 0,
      "iron": 0,
      "common": 0,
      "uncommon": 0,
      "mythic": 0,
      "legendary": 0,
      "pet": 0,
      "potion": 0,
      "sampah": 0,
      "armor": 0,
      "kucing": 0,
      "kucinglastclaim": 0,
      "kuda": 0,
      "kudalastclaim": 0,
      "rubah": 0,
      "rubahlastclaim": 0,
      "anjing": 0,
      "anjinglastclaim": 0,
      "Banneduser": false,
      "BannedReason": "",
      "warn": 0,
      "afk": -1,
      "afkReason": "",
      "anakkucing": 0,
      "anakkuda": 0,
      "anakrubah": 0,
      "anakanjing": 0,
      "makananpet": 0,
      "antispam": 0,
      "antispamlastclaim": 0,
      "kayu": 0,
      "batu": 0,
      "string": 0,
      "sword": 0,
      "sworddurability": 0,
      "pickaxe": 0,
      "pickaxedurability": 0,
      "fishingrod": 0,
      "fishingroddurability": 0,
      "lastadventure": 0,
      "lastfishing": 0,
      "lastdungeon": 0,
      "lastduel": 0,
      "lastmining": 0,
      "lasthunt": 0,
      "lastweekly": 0,
      "lastmonthly": 0,
      "registered": false,
      "name": "陈 禄 暇 🖤",
      "regTime": -1,
      "autolevelup": true,
      "ah": [],
      "mission": {}
    },
    "62857834170291@s.whatsapp.net": {
      "healt": 100,
      "level": 0,
      "exp": 0,
      "limit": 10,
      "lastclaim": 0,
      "money": 0,
      "diamond": 0,
      "iron": 0,
      "common": 0,
      "uncommon": 0,
      "mythic": 0,
      "legendary": 0,
      "pet": 0,
      "potion": 0,
      "sampah": 0,
      "armor": 0,
      "kucing": 0,
      "kucinglastclaim": 0,
      "kuda": 0,
      "kudalastclaim": 0,
      "rubah": 0,
      "rubahlastclaim": 0,
      "anjing": 0,
      "anjinglastclaim": 0,
      "Banneduser": false,
      "BannedReason": "",
      "warn": 0,
      "afk": -1,
      "afkReason": "",
      "anakkucing": 0,
      "anakkuda": 0,
      "anakrubah": 0,
      "anakanjing": 0,
      "makananpet": 0,
      "antispam": 0,
      "antispamlastclaim": 0,
      "kayu": 0,
      "batu": 0,
      "string": 0,
      "sword": 0,
      "sworddurability": 0,
      "pickaxe": 0,
      "pickaxedurability": 0,
      "fishingrod": 0,
      "fishingroddurability": 0,
      "lastadventure": 0,
      "lastfishing": 0,
      "lastdungeon": 0,
      "lastduel": 0,
      "lastmining": 0,
      "lasthunt": 0,
      "lastweekly": 0,
      "lastmonthly": 0,
      "registered": false,
      "name": "RestuBot",
      "regTime": -1,
      "autolevelup": true,
      "ah": [],
      "mission": {},
      "emas": 0,
      "pancing": 0,
      "lastslot": 0
    },
    "50255566666@s.whatsapp.net": {
      "healt": 100,
      "level": 0,
      "exp": 3,
      "limit": 10,
      "lastclaim": 0,
      "money": 0,
      "diamond": 0,
      "iron": 0,
      "common": 0,
      "uncommon": 0,
      "mythic": 0,
      "legendary": 0,
      "pet": 0,
      "potion": 0,
      "sampah": 0,
      "armor": 0,
      "kucing": 0,
      "kucinglastclaim": 0,
      "kuda": 0,
      "kudalastclaim": 0,
      "rubah": 0,
      "rubahlastclaim": 0,
      "anjing": 0,
      "anjinglastclaim": 0,
      "Banneduser": false,
      "BannedReason": "",
      "warn": 0,
      "afk": -1,
      "afkReason": "",
      "anakkucing": 0,
      "anakkuda": 0,
      "anakrubah": 0,
      "anakanjing": 0,
      "makananpet": 0,
      "antispam": 0,
      "antispamlastclaim": 0,
      "kayu": 0,
      "batu": 0,
      "string": 0,
      "sword": 0,
      "sworddurability": 0,
      "pickaxe": 0,
      "pickaxedurability": 0,
      "fishingrod": 0,
      "fishingroddurability": 0,
      "lastadventure": 0,
      "lastfishing": 0,
      "lastdungeon": 0,
      "lastduel": 0,
      "lastmining": 0,
      "lasthunt": 0,
      "lastweekly": 0,
      "lastmonthly": 0,
      "registered": false,
      "name": "Dave",
      "regTime": -1,
      "autolevelup": true,
      "ah": [],
      "mission": {}
    },
    "994401573003@s.whatsapp.net": {
      "healt": 100,
      "level": 0,
      "exp": 0,
      "limit": 10,
      "lastclaim": 0,
      "money": 0,
      "diamond": 0,
      "iron": 0,
      "common": 0,
      "uncommon": 0,
      "mythic": 0,
      "legendary": 0,
      "pet": 0,
      "potion": 0,
      "sampah": 0,
      "armor": 0,
      "kucing": 0,
      "kucinglastclaim": 0,
      "kuda": 0,
      "kudalastclaim": 0,
      "rubah": 0,
      "rubahlastclaim": 0,
      "anjing": 0,
      "anjinglastclaim": 0,
      "Banneduser": false,
      "BannedReason": "",
      "warn": 0,
      "afk": -1,
      "afkReason": "",
      "anakkucing": 0,
      "anakkuda": 0,
      "anakrubah": 0,
      "anakanjing": 0,
      "makananpet": 0,
      "antispam": 0,
      "antispamlastclaim": 0,
      "kayu": 0,
      "batu": 0,
      "string": 0,
      "sword": 0,
      "sworddurability": 0,
      "pickaxe": 0,
      "pickaxedurability": 0,
      "fishingrod": 0,
      "fishingroddurability": 0,
      "lastadventure": 0,
      "lastfishing": 0,
      "lastdungeon": 0,
      "lastduel": 0,
      "lastmining": 0,
      "lasthunt": 0,
      "lastweekly": 0,
      "lastmonthly": 0,
      "registered": false,
      "name": "Emilia Bot",
      "regTime": -1,
      "autolevelup": true,
      "ah": [],
      "mission": {},
      "emas": 0,
      "pancing": 0,
      "lastslot": 0
    },
    "6283116203837@s.whatsapp.net": {
      "healt": 100,
      "level": 0,
      "exp": 0,
      "limit": 10,
      "lastclaim": 0,
      "money": 0,
      "diamond": 0,
      "iron": 0,
      "common": 0,
      "uncommon": 0,
      "mythic": 0,
      "legendary": 0,
      "pet": 0,
      "potion": 0,
      "sampah": 0,
      "armor": 0,
      "kucing": 0,
      "kucinglastclaim": 0,
      "kuda": 0,
      "kudalastclaim": 0,
      "rubah": 0,
      "rubahlastclaim": 0,
      "anjing": 0,
      "anjinglastclaim": 0,
      "Banneduser": false,
      "BannedReason": "",
      "warn": 0,
      "afk": -1,
      "afkReason": "",
      "anakkucing": 0,
      "anakkuda": 0,
      "anakrubah": 0,
      "anakanjing": 0,
      "makananpet": 0,
      "antispam": 0,
      "antispamlastclaim": 0,
      "kayu": 0,
      "batu": 0,
      "string": 0,
      "sword": 0,
      "sworddurability": 0,
      "pickaxe": 0,
      "pickaxedurability": 0,
      "fishingrod": 0,
      "fishingroddurability": 0,
      "lastadventure": 0,
      "lastfishing": 0,
      "lastdungeon": 0,
      "lastduel": 0,
      "lastmining": 0,
      "lasthunt": 0,
      "lastweekly": 0,
      "lastmonthly": 0,
      "registered": false,
      "name": "garena",
      "regTime": -1,
      "autolevelup": true,
      "ah": [],
      "mission": {}
    },
    "62823944158720@s.whatsapp.net": {
      "healt": 100,
      "level": 0,
      "exp": 3,
      "limit": 10,
      "lastclaim": 0,
      "money": 0,
      "diamond": 0,
      "iron": 0,
      "common": 0,
      "uncommon": 0,
      "mythic": 0,
      "legendary": 0,
      "pet": 0,
      "potion": 0,
      "sampah": 0,
      "armor": 0,
      "kucing": 0,
      "kucinglastclaim": 0,
      "kuda": 0,
      "kudalastclaim": 0,
      "rubah": 0,
      "rubahlastclaim": 0,
      "anjing": 0,
      "anjinglastclaim": 0,
      "Banneduser": false,
      "BannedReason": "",
      "warn": 0,
      "afk": -1,
      "afkReason": "",
      "anakkucing": 0,
      "anakkuda": 0,
      "anakrubah": 0,
      "anakanjing": 0,
      "makananpet": 0,
      "antispam": 0,
      "antispamlastclaim": 0,
      "kayu": 0,
      "batu": 0,
      "string": 0,
      "sword": 0,
      "sworddurability": 0,
      "pickaxe": 0,
      "pickaxedurability": 0,
      "fishingrod": 0,
      "fishingroddurability": 0,
      "lastadventure": 0,
      "lastfishing": 0,
      "lastdungeon": 0,
      "lastduel": 0,
      "lastmining": 0,
      "lasthunt": 0,
      "lastweekly": 0,
      "lastmonthly": 0,
      "registered": false,
      "name": "Patur",
      "regTime": -1,
      "autolevelup": true,
      "ah": [],
      "mission": {}
    },
    "6285783417029@s.whatsapp.net": {
      "healt": 100,
      "level": 0,
      "exp": 6,
      "limit": 10,
      "lastclaim": 0,
      "money": 0,
      "diamond": 0,
      "iron": 0,
      "common": 0,
      "uncommon": 0,
      "mythic": 0,
      "legendary": 0,
      "pet": 0,
      "potion": 0,
      "sampah": 0,
      "armor": 0,
      "kucing": 0,
      "kucinglastclaim": 0,
      "kuda": 0,
      "kudalastclaim": 0,
      "rubah": 0,
      "rubahlastclaim": 0,
      "anjing": 0,
      "anjinglastclaim": 0,
      "Banneduser": false,
      "BannedReason": "",
      "warn": 0,
      "afk": -1,
      "afkReason": "",
      "anakkucing": 0,
      "anakkuda": 0,
      "anakrubah": 0,
      "anakanjing": 0,
      "makananpet": 0,
      "antispam": 0,
      "antispamlastclaim": 0,
      "kayu": 0,
      "batu": 0,
      "string": 0,
      "sword": 0,
      "sworddurability": 0,
      "pickaxe": 0,
      "pickaxedurability": 0,
      "fishingrod": 0,
      "fishingroddurability": 0,
      "lastadventure": 0,
      "lastfishing": 0,
      "lastdungeon": 0,
      "lastduel": 0,
      "lastmining": 0,
      "lasthunt": 0,
      "lastweekly": 0,
      "lastmonthly": 0,
      "registered": false,
      "name": "Restu",
      "regTime": -1,
      "autolevelup": true,
      "ah": [],
      "mission": {}
    },
    "6285977575083@s.whatsapp.net": {
      "healt": 100,
      "level": 0,
      "exp": 19,
      "limit": 10,
      "lastclaim": 0,
      "money": 0,
      "diamond": 0,
      "iron": 0,
      "common": 0,
      "uncommon": 0,
      "mythic": 0,
      "legendary": 0,
      "pet": 0,
      "potion": 0,
      "sampah": 0,
      "armor": 0,
      "kucing": 0,
      "kucinglastclaim": 0,
      "kuda": 0,
      "kudalastclaim": 0,
      "rubah": 0,
      "rubahlastclaim": 0,
      "anjing": 0,
      "anjinglastclaim": 0,
      "Banneduser": false,
      "BannedReason": "",
      "warn": 0,
      "afk": -1,
      "afkReason": "",
      "anakkucing": 0,
      "anakkuda": 0,
      "anakrubah": 0,
      "anakanjing": 0,
      "makananpet": 0,
      "antispam": 0,
      "antispamlastclaim": 0,
      "kayu": 0,
      "batu": 0,
      "string": 0,
      "sword": 0,
      "sworddurability": 0,
      "pickaxe": 0,
      "pickaxedurability": 0,
      "fishingrod": 0,
      "fishingroddurability": 0,
      "lastadventure": 0,
      "lastfishing": 0,
      "lastdungeon": 0,
      "lastduel": 0,
      "lastmining": 0,
      "lasthunt": 0,
      "lastweekly": 0,
      "lastmonthly": 0,
      "registered": false,
      "name": "A",
      "regTime": -1,
      "autolevelup": true,
      "ah": [],
      "mission": {}
    },
    "6281327936585@s.whatsapp.net": {
      "healt": 100,
      "level": 0,
      "exp": 40,
      "limit": 10,
      "lastclaim": 0,
      "money": 0,
      "diamond": 0,
      "iron": 0,
      "common": 0,
      "uncommon": 0,
      "mythic": 0,
      "legendary": 0,
      "pet": 0,
      "potion": 0,
      "sampah": 0,
      "armor": 0,
      "kucing": 0,
      "kucinglastclaim": 0,
      "kuda": 0,
      "kudalastclaim": 0,
      "rubah": 0,
      "rubahlastclaim": 0,
      "anjing": 0,
      "anjinglastclaim": 0,
      "Banneduser": false,
      "BannedReason": "",
      "warn": 0,
      "afk": -1,
      "afkReason": "",
      "anakkucing": 0,
      "anakkuda": 0,
      "anakrubah": 0,
      "anakanjing": 0,
      "makananpet": 0,
      "antispam": 0,
      "antispamlastclaim": 0,
      "kayu": 0,
      "batu": 0,
      "string": 0,
      "sword": 0,
      "sworddurability": 0,
      "pickaxe": 0,
      "pickaxedurability": 0,
      "pancing": 0,
      "fishingrod": 0,
      "fishingroddurability": 0,
      "lastadventure": 0,
      "lastfishing": 0,
      "lastdungeon": 0,
      "lastduel": 0,
      "lastmining": 0,
      "lasthunt": 0,
      "lastweekly": 0,
      "lastmonthly": 0,
      "registered": false,
      "name": "Y",
      "regTime": -1,
      "autolevelup": true,
      "ah": [],
      "mission": {},
      "emas": 0
    },
    "6282146725246@s.whatsapp.net": {
      "healt": 100,
      "level": 0,
      "exp": 29,
      "limit": 10,
      "lastclaim": 0,
      "money": 0,
      "diamond": 0,
      "iron": 0,
      "common": 0,
      "uncommon": 0,
      "mythic": 0,
      "legendary": 0,
      "pet": 0,
      "potion": 0,
      "sampah": 0,
      "armor": 0,
      "kucing": 0,
      "kucinglastclaim": 0,
      "kuda": 0,
      "kudalastclaim": 0,
      "rubah": 0,
      "rubahlastclaim": 0,
      "anjing": 0,
      "anjinglastclaim": 0,
      "Banneduser": false,
      "BannedReason": "",
      "warn": 0,
      "afk": -1,
      "afkReason": "",
      "anakkucing": 0,
      "anakkuda": 0,
      "anakrubah": 0,
      "anakanjing": 0,
      "makananpet": 0,
      "antispam": 0,
      "antispamlastclaim": 0,
      "kayu": 0,
      "batu": 0,
      "string": 0,
      "sword": 0,
      "sworddurability": 0,
      "pickaxe": 0,
      "pickaxedurability": 0,
      "pancing": 0,
      "fishingrod": 0,
      "fishingroddurability": 0,
      "lastadventure": 0,
      "lastfishing": 0,
      "lastdungeon": 0,
      "lastduel": 0,
      "lastmining": 0,
      "lasthunt": 0,
      "lastweekly": 0,
      "lastmonthly": 0,
      "registered": false,
      "name": "+62 821-4672-5246",
      "regTime": -1,
      "autolevelup": true,
      "ah": [],
      "mission": {},
      "emas": 0
    },
    "16124573881@s.whatsapp.net": {
      "healt": 100,
      "level": 0,
      "exp": 18,
      "limit": 10,
      "lastclaim": 0,
      "money": 0,
      "diamond": 0,
      "iron": 0,
      "common": 0,
      "uncommon": 0,
      "mythic": 0,
      "legendary": 0,
      "pet": 0,
      "potion": 0,
      "sampah": 0,
      "armor": 0,
      "kucing": 0,
      "kucinglastclaim": 0,
      "kuda": 0,
      "kudalastclaim": 0,
      "rubah": 0,
      "rubahlastclaim": 0,
      "anjing": 0,
      "anjinglastclaim": 0,
      "Banneduser": false,
      "BannedReason": "",
      "warn": 0,
      "afk": -1,
      "afkReason": "",
      "anakkucing": 0,
      "anakkuda": 0,
      "anakrubah": 0,
      "anakanjing": 0,
      "makananpet": 0,
      "antispam": 0,
      "antispamlastclaim": 0,
      "kayu": 0,
      "batu": 0,
      "string": 0,
      "sword": 0,
      "sworddurability": 0,
      "pickaxe": 0,
      "pickaxedurability": 0,
      "pancing": 0,
      "fishingrod": 0,
      "fishingroddurability": 0,
      "lastadventure": 0,
      "lastfishing": 0,
      "lastdungeon": 0,
      "lastduel": 0,
      "lastmining": 0,
      "lasthunt": 0,
      "lastweekly": 0,
      "lastmonthly": 0,
      "registered": false,
      "name": "ChandraDewi/でゐ🌻",
      "regTime": -1,
      "autolevelup": true,
      "ah": [],
      "mission": {},
      "emas": 0,
      "lastslot": 0
    },
    "6281326220613@s.whatsapp.net": {
      "healt": 100,
      "level": 0,
      "exp": 3,
      "limit": 10,
      "lastclaim": 0,
      "money": 0,
      "diamond": 0,
      "iron": 0,
      "common": 0,
      "uncommon": 0,
      "mythic": 0,
      "legendary": 0,
      "pet": 0,
      "potion": 0,
      "sampah": 0,
      "armor": 0,
      "kucing": 0,
      "kucinglastclaim": 0,
      "kuda": 0,
      "kudalastclaim": 0,
      "rubah": 0,
      "rubahlastclaim": 0,
      "anjing": 0,
      "anjinglastclaim": 0,
      "Banneduser": false,
      "BannedReason": "",
      "warn": 0,
      "afk": -1,
      "afkReason": "",
      "anakkucing": 0,
      "anakkuda": 0,
      "anakrubah": 0,
      "anakanjing": 0,
      "makananpet": 0,
      "antispam": 0,
      "antispamlastclaim": 0,
      "kayu": 0,
      "batu": 0,
      "string": 0,
      "sword": 0,
      "sworddurability": 0,
      "pickaxe": 0,
      "pickaxedurability": 0,
      "pancing": 0,
      "fishingrod": 0,
      "fishingroddurability": 0,
      "lastadventure": 0,
      "lastfishing": 0,
      "lastdungeon": 0,
      "lastduel": 0,
      "lastmining": 0,
      "lasthunt": 0,
      "lastweekly": 0,
      "lastmonthly": 0,
      "registered": false,
      "name": "s",
      "regTime": -1,
      "autolevelup": true,
      "ah": [],
      "mission": {}
    },
    "62895603164004@s.whatsapp.net": {
      "healt": 100,
      "level": 0,
      "exp": 67,
      "limit": 10,
      "lastclaim": 0,
      "money": 0,
      "diamond": 0,
      "iron": 0,
      "common": 0,
      "uncommon": 0,
      "mythic": 0,
      "legendary": 0,
      "pet": 0,
      "potion": 0,
      "sampah": 0,
      "armor": 0,
      "kucing": 0,
      "kucinglastclaim": 0,
      "kuda": 0,
      "kudalastclaim": 0,
      "rubah": 0,
      "rubahlastclaim": 0,
      "anjing": 0,
      "anjinglastclaim": 0,
      "Banneduser": false,
      "BannedReason": "",
      "warn": 0,
      "afk": -1,
      "afkReason": "",
      "anakkucing": 0,
      "anakkuda": 0,
      "anakrubah": 0,
      "anakanjing": 0,
      "makananpet": 0,
      "antispam": 0,
      "antispamlastclaim": 0,
      "kayu": 0,
      "batu": 0,
      "string": 0,
      "sword": 0,
      "sworddurability": 0,
      "pickaxe": 0,
      "pickaxedurability": 0,
      "pancing": 0,
      "fishingrod": 0,
      "fishingroddurability": 0,
      "lastadventure": 0,
      "lastfishing": 0,
      "lastdungeon": 0,
      "lastslot": 0,
      "lastduel": 0,
      "lastmining": 0,
      "lasthunt": 0,
      "lastweekly": 0,
      "lastmonthly": 0,
      "registered": false,
      "name": "+62 895-6031-64004",
      "regTime": -1,
      "autolevelup": true,
      "ah": [],
      "mission": {},
      "emas": 0
    },
    "6285270887247@s.whatsapp.net": {
      "healt": 100,
      "level": 0,
      "exp": 2,
      "limit": 10,
      "lastclaim": 0,
      "money": 0,
      "diamond": 0,
      "iron": 0,
      "common": 0,
      "uncommon": 0,
      "mythic": 0,
      "legendary": 0,
      "pet": 0,
      "potion": 0,
      "sampah": 0,
      "armor": 0,
      "kucing": 0,
      "kucinglastclaim": 0,
      "kuda": 0,
      "kudalastclaim": 0,
      "rubah": 0,
      "rubahlastclaim": 0,
      "anjing": 0,
      "anjinglastclaim": 0,
      "Banneduser": false,
      "BannedReason": "",
      "warn": 0,
      "afk": -1,
      "afkReason": "",
      "anakkucing": 0,
      "anakkuda": 0,
      "anakrubah": 0,
      "anakanjing": 0,
      "makananpet": 0,
      "antispam": 0,
      "antispamlastclaim": 0,
      "kayu": 0,
      "batu": 0,
      "string": 0,
      "sword": 0,
      "sworddurability": 0,
      "pickaxe": 0,
      "pickaxedurability": 0,
      "pancing": 0,
      "fishingrod": 0,
      "fishingroddurability": 0,
      "lastadventure": 0,
      "lastfishing": 0,
      "lastdungeon": 0,
      "lastslot": 0,
      "lastduel": 0,
      "lastmining": 0,
      "lasthunt": 0,
      "lastweekly": 0,
      "lastmonthly": 0,
      "registered": false,
      "name": "Erin",
      "regTime": -1,
      "autolevelup": true,
      "ah": [],
      "mission": {}
    },
    "6283138247117@s.whatsapp.net": {
      "healt": 100,
      "level": 0,
      "exp": 8,
      "limit": 10,
      "lastclaim": 0,
      "money": 0,
      "diamond": 0,
      "iron": 0,
      "common": 0,
      "uncommon": 0,
      "mythic": 0,
      "legendary": 0,
      "pet": 0,
      "potion": 0,
      "sampah": 0,
      "armor": 0,
      "kucing": 0,
      "kucinglastclaim": 0,
      "kuda": 0,
      "kudalastclaim": 0,
      "rubah": 0,
      "rubahlastclaim": 0,
      "anjing": 0,
      "anjinglastclaim": 0,
      "Banneduser": false,
      "BannedReason": "",
      "warn": 0,
      "afk": -1,
      "afkReason": "",
      "anakkucing": 0,
      "anakkuda": 0,
      "anakrubah": 0,
      "anakanjing": 0,
      "makananpet": 0,
      "antispam": 0,
      "antispamlastclaim": 0,
      "kayu": 0,
      "batu": 0,
      "string": 0,
      "sword": 0,
      "sworddurability": 0,
      "pickaxe": 0,
      "pickaxedurability": 0,
      "pancing": 0,
      "fishingrod": 0,
      "fishingroddurability": 0,
      "lastadventure": 0,
      "lastfishing": 0,
      "lastdungeon": 0,
      "lastslot": 0,
      "lastduel": 0,
      "lastmining": 0,
      "lasthunt": 0,
      "lastweekly": 0,
      "lastmonthly": 0,
      "registered": false,
      "name": ".",
      "regTime": -1,
      "autolevelup": true,
      "ah": [],
      "mission": {}
    },
    "6281261324817@s.whatsapp.net": {
      "healt": 100,
      "level": 0,
      "exp": 3,
      "limit": 10,
      "lastclaim": 0,
      "money": 0,
      "diamond": 0,
      "iron": 0,
      "common": 0,
      "uncommon": 0,
      "mythic": 0,
      "legendary": 0,
      "pet": 0,
      "potion": 0,
      "sampah": 0,
      "armor": 0,
      "kucing": 0,
      "kucinglastclaim": 0,
      "kuda": 0,
      "kudalastclaim": 0,
      "rubah": 0,
      "rubahlastclaim": 0,
      "anjing": 0,
      "anjinglastclaim": 0,
      "Banneduser": false,
      "BannedReason": "",
      "warn": 0,
      "afk": -1,
      "afkReason": "",
      "anakkucing": 0,
      "anakkuda": 0,
      "anakrubah": 0,
      "anakanjing": 0,
      "makananpet": 0,
      "antispam": 0,
      "antispamlastclaim": 0,
      "kayu": 0,
      "batu": 0,
      "string": 0,
      "sword": 0,
      "sworddurability": 0,
      "pickaxe": 0,
      "pickaxedurability": 0,
      "pancing": 0,
      "fishingrod": 0,
      "fishingroddurability": 0,
      "lastadventure": 0,
      "lastfishing": 0,
      "lastdungeon": 0,
      "lastslot": 0,
      "lastduel": 0,
      "lastmining": 0,
      "lasthunt": 0,
      "lastweekly": 0,
      "lastmonthly": 0,
      "registered": false,
      "name": "Arifi Razzaq",
      "regTime": -1,
      "autolevelup": true,
      "ah": [],
      "mission": {},
      "emas": 0
    },
    "6285766300421@s.whatsapp.net": {
      "healt": 5,
      "level": 0,
      "exp": 240,
      "limit": 10,
      "lastclaim": 0,
      "money": 368,
      "diamond": 0,
      "iron": 0,
      "common": 2,
      "uncommon": 0,
      "mythic": 1,
      "legendary": 1,
      "pet": 0,
      "potion": 0,
      "sampah": 215,
      "armor": 0,
      "kucing": 0,
      "kucinglastclaim": 0,
      "kuda": 0,
      "kudalastclaim": 0,
      "rubah": 0,
      "rubahlastclaim": 0,
      "anjing": 0,
      "anjinglastclaim": 0,
      "Banneduser": false,
      "BannedReason": "",
      "warn": 0,
      "afk": -1,
      "afkReason": "",
      "anakkucing": 0,
      "anakkuda": 0,
      "anakrubah": 0,
      "anakanjing": 0,
      "makananpet": 0,
      "antispam": 0,
      "antispamlastclaim": 0,
      "kayu": 3,
      "batu": 0,
      "string": 5,
      "sword": 0,
      "sworddurability": 0,
      "pickaxe": 0,
      "pickaxedurability": 0,
      "pancing": 0,
      "fishingrod": 0,
      "fishingroddurability": 0,
      "lastadventure": 1636200904800,
      "lastfishing": 0,
      "lastdungeon": 0,
      "lastslot": 0,
      "lastduel": 0,
      "lastmining": 0,
      "lasthunt": 0,
      "lastweekly": 0,
      "lastmonthly": 0,
      "registered": false,
      "name": "ALFN-BOT",
      "regTime": -1,
      "autolevelup": true,
      "ah": [],
      "mission": {},
      "emas": 0
    },
    "6285226629295@s.whatsapp.net": {
      "healt": 100,
      "level": 0,
      "exp": 0,
      "limit": 10,
      "lastclaim": 0,
      "money": 0,
      "diamond": 0,
      "iron": 0,
      "common": 0,
      "uncommon": 0,
      "mythic": 0,
      "legendary": 0,
      "pet": 0,
      "potion": 0,
      "sampah": 0,
      "armor": 0,
      "kucing": 0,
      "kucinglastclaim": 0,
      "kuda": 0,
      "kudalastclaim": 0,
      "rubah": 0,
      "rubahlastclaim": 0,
      "anjing": 0,
      "anjinglastclaim": 0,
      "Banneduser": false,
      "BannedReason": "",
      "warn": 0,
      "afk": -1,
      "afkReason": "",
      "anakkucing": 0,
      "anakkuda": 0,
      "anakrubah": 0,
      "anakanjing": 0,
      "makananpet": 0,
      "antispam": 0,
      "antispamlastclaim": 0,
      "kayu": 0,
      "batu": 0,
      "string": 0,
      "sword": 0,
      "sworddurability": 0,
      "pickaxe": 0,
      "pickaxedurability": 0,
      "pancing": 0,
      "fishingrod": 0,
      "fishingroddurability": 0,
      "lastadventure": 0,
      "lastfishing": 0,
      "lastdungeon": 0,
      "lastslot": 0,
      "lastduel": 0,
      "lastmining": 0,
      "lasthunt": 0,
      "lastweekly": 0,
      "lastmonthly": 0,
      "registered": false,
      "name": "Layna Bot",
      "regTime": -1,
      "autolevelup": true,
      "ah": [],
      "mission": {},
      "emas": 0
    },
    "6281227961957@s.whatsapp.net": {
      "healt": 100,
      "level": 0,
      "exp": 94,
      "limit": 10,
      "lastclaim": 0,
      "money": 1000,
      "diamond": 0,
      "iron": 0,
      "common": 0,
      "uncommon": 0,
      "mythic": 0,
      "legendary": 0,
      "pet": 0,
      "potion": 0,
      "sampah": 0,
      "armor": 0,
      "kucing": 0,
      "kucinglastclaim": 0,
      "kuda": 0,
      "kudalastclaim": 0,
      "rubah": 0,
      "rubahlastclaim": 0,
      "anjing": 0,
      "anjinglastclaim": 0,
      "Banneduser": false,
      "BannedReason": "",
      "warn": 0,
      "afk": -1,
      "afkReason": "",
      "anakkucing": 0,
      "anakkuda": 0,
      "anakrubah": 0,
      "anakanjing": 0,
      "makananpet": 0,
      "antispam": 0,
      "antispamlastclaim": 0,
      "kayu": 0,
      "batu": 0,
      "string": 0,
      "sword": 0,
      "sworddurability": 0,
      "pickaxe": 0,
      "pickaxedurability": 0,
      "pancing": 0,
      "fishingrod": 0,
      "fishingroddurability": 0,
      "lastadventure": 0,
      "lastfishing": 0,
      "lastdungeon": 0,
      "lastslot": 0,
      "lastduel": 0,
      "lastmining": 0,
      "lasthunt": 0,
      "lastweekly": 0,
      "lastmonthly": 0,
      "registered": false,
      "name": "+62 812-2796-1957",
      "regTime": -1,
      "autolevelup": true,
      "ah": [],
      "mission": {},
      "emas": 0
    },
    "6285369430853@s.whatsapp.net": {
      "healt": 100,
      "level": 0,
      "exp": 3,
      "limit": 10,
      "lastclaim": 0,
      "money": 0,
      "diamond": 0,
      "iron": 0,
      "common": 0,
      "uncommon": 0,
      "mythic": 0,
      "legendary": 0,
      "pet": 0,
      "potion": 0,
      "sampah": 0,
      "armor": 0,
      "kucing": 0,
      "kucinglastclaim": 0,
      "kuda": 0,
      "kudalastclaim": 0,
      "rubah": 0,
      "rubahlastclaim": 0,
      "anjing": 0,
      "anjinglastclaim": 0,
      "Banneduser": false,
      "BannedReason": "",
      "warn": 0,
      "afk": -1,
      "afkReason": "",
      "anakkucing": 0,
      "anakkuda": 0,
      "anakrubah": 0,
      "anakanjing": 0,
      "makananpet": 0,
      "antispam": 0,
      "antispamlastclaim": 0,
      "kayu": 0,
      "batu": 0,
      "string": 0,
      "sword": 0,
      "sworddurability": 0,
      "pickaxe": 0,
      "pickaxedurability": 0,
      "pancing": 0,
      "fishingrod": 0,
      "fishingroddurability": 0,
      "lastadventure": 0,
      "lastfishing": 0,
      "lastdungeon": 0,
      "lastslot": 0,
      "lastduel": 0,
      "lastmining": 0,
      "lasthunt": 0,
      "lastweekly": 0,
      "lastmonthly": 0,
      "registered": false,
      "name": "+62 853-6943-0853",
      "regTime": -1,
      "autolevelup": true,
      "ah": [],
      "mission": {}
    },
    "6285297077740@s.whatsapp.net": {
      "healt": 100,
      "level": 0,
      "exp": 10,
      "limit": 10,
      "lastclaim": 0,
      "money": 0,
      "diamond": 0,
      "iron": 0,
      "common": 0,
      "uncommon": 0,
      "mythic": 0,
      "legendary": 0,
      "pet": 0,
      "potion": 0,
      "sampah": 0,
      "armor": 0,
      "kucing": 0,
      "kucinglastclaim": 0,
      "kuda": 0,
      "kudalastclaim": 0,
      "rubah": 0,
      "rubahlastclaim": 0,
      "anjing": 0,
      "anjinglastclaim": 0,
      "Banneduser": false,
      "BannedReason": "",
      "warn": 0,
      "afk": -1,
      "afkReason": "",
      "anakkucing": 0,
      "anakkuda": 0,
      "anakrubah": 0,
      "anakanjing": 0,
      "makananpet": 0,
      "antispam": 0,
      "antispamlastclaim": 0,
      "kayu": 0,
      "batu": 0,
      "string": 0,
      "sword": 0,
      "sworddurability": 0,
      "pickaxe": 0,
      "pickaxedurability": 0,
      "pancing": 0,
      "fishingrod": 0,
      "fishingroddurability": 0,
      "lastadventure": 0,
      "lastfishing": 0,
      "lastdungeon": 0,
      "lastslot": 0,
      "lastduel": 0,
      "lastmining": 0,
      "lasthunt": 0,
      "lastweekly": 0,
      "lastmonthly": 0,
      "registered": false,
      "name": "Oo",
      "regTime": -1,
      "autolevelup": true,
      "ah": [],
      "mission": {}
    },
    "6285856430321@s.whatsapp.net": {
      "healt": 100,
      "level": 0,
      "exp": 79,
      "limit": 10,
      "lastclaim": 0,
      "money": 0,
      "diamond": 0,
      "iron": 0,
      "common": 0,
      "uncommon": 0,
      "mythic": 0,
      "legendary": 0,
      "pet": 0,
      "potion": 0,
      "sampah": 0,
      "armor": 0,
      "kucing": 0,
      "kucinglastclaim": 0,
      "kuda": 0,
      "kudalastclaim": 0,
      "rubah": 0,
      "rubahlastclaim": 0,
      "anjing": 0,
      "anjinglastclaim": 0,
      "Banneduser": false,
      "BannedReason": "",
      "warn": 0,
      "afk": -1,
      "afkReason": "",
      "anakkucing": 0,
      "anakkuda": 0,
      "anakrubah": 0,
      "anakanjing": 0,
      "makananpet": 0,
      "antispam": 0,
      "antispamlastclaim": 0,
      "kayu": 0,
      "batu": 0,
      "string": 0,
      "sword": 0,
      "sworddurability": 0,
      "pickaxe": 0,
      "pickaxedurability": 0,
      "pancing": 0,
      "fishingrod": 0,
      "fishingroddurability": 0,
      "lastadventure": 0,
      "lastfishing": 0,
      "lastdungeon": 0,
      "lastslot": 0,
      "lastduel": 0,
      "lastmining": 0,
      "lasthunt": 0,
      "lastweekly": 0,
      "lastmonthly": 0,
      "registered": false,
      "name": "Undefined | Hiatus",
      "regTime": -1,
      "autolevelup": true,
      "ah": [],
      "mission": {},
      "emas": 0
    },
    "6281314257182@s.whatsapp.net": {
      "healt": 100,
      "level": 0,
      "exp": 15,
      "limit": 10,
      "lastclaim": 0,
      "money": 0,
      "diamond": 0,
      "iron": 0,
      "common": 0,
      "uncommon": 0,
      "mythic": 0,
      "legendary": 0,
      "pet": 0,
      "potion": 0,
      "sampah": 0,
      "armor": 0,
      "kucing": 0,
      "kucinglastclaim": 0,
      "kuda": 0,
      "kudalastclaim": 0,
      "rubah": 0,
      "rubahlastclaim": 0,
      "anjing": 0,
      "anjinglastclaim": 0,
      "Banneduser": false,
      "BannedReason": "",
      "warn": 0,
      "afk": -1,
      "afkReason": "",
      "anakkucing": 0,
      "anakkuda": 0,
      "anakrubah": 0,
      "anakanjing": 0,
      "makananpet": 0,
      "antispam": 0,
      "antispamlastclaim": 0,
      "kayu": 0,
      "batu": 0,
      "string": 0,
      "sword": 0,
      "sworddurability": 0,
      "pickaxe": 0,
      "pickaxedurability": 0,
      "pancing": 0,
      "fishingrod": 0,
      "fishingroddurability": 0,
      "lastadventure": 0,
      "lastfishing": 0,
      "lastdungeon": 0,
      "lastslot": 0,
      "lastduel": 0,
      "lastmining": 0,
      "lasthunt": 0,
      "lastweekly": 0,
      "lastmonthly": 0,
      "registered": false,
      "name": "+62 813-1425-7182",
      "regTime": -1,
      "autolevelup": true,
      "ah": [],
      "mission": {},
      "emas": 0
    },
    "6281333782061@s.whatsapp.net": {
      "healt": 100,
      "level": 0,
      "exp": 0,
      "limit": 10,
      "lastclaim": 0,
      "money": 0,
      "diamond": 0,
      "iron": 0,
      "common": 0,
      "uncommon": 0,
      "mythic": 0,
      "legendary": 0,
      "pet": 0,
      "potion": 0,
      "sampah": 0,
      "armor": 0,
      "kucing": 0,
      "kucinglastclaim": 0,
      "kuda": 0,
      "kudalastclaim": 0,
      "rubah": 0,
      "rubahlastclaim": 0,
      "anjing": 0,
      "anjinglastclaim": 0,
      "Banneduser": false,
      "BannedReason": "",
      "warn": 0,
      "afk": -1,
      "afkReason": "",
      "anakkucing": 0,
      "anakkuda": 0,
      "anakrubah": 0,
      "anakanjing": 0,
      "makananpet": 0,
      "antispam": 0,
      "antispamlastclaim": 0,
      "kayu": 0,
      "batu": 0,
      "string": 0,
      "sword": 0,
      "sworddurability": 0,
      "pickaxe": 0,
      "pickaxedurability": 0,
      "pancing": 0,
      "fishingrod": 0,
      "fishingroddurability": 0,
      "lastadventure": 0,
      "lastfishing": 0,
      "lastdungeon": 0,
      "lastslot": 0,
      "lastduel": 0,
      "lastmining": 0,
      "lasthunt": 0,
      "lastweekly": 0,
      "lastmonthly": 0,
      "registered": false,
      "name": "+62 813-3378-2061",
      "regTime": -1,
      "autolevelup": true,
      "ah": [],
      "mission": {},
      "emas": 0
    },
    "628812904283@s.whatsapp.net": {
      "healt": 100,
      "level": 0,
      "exp": 270,
      "limit": 10,
      "lastclaim": 0,
      "money": 0,
      "diamond": 0,
      "iron": 0,
      "common": 0,
      "uncommon": 0,
      "mythic": 0,
      "legendary": 0,
      "pet": 0,
      "potion": 0,
      "sampah": 0,
      "armor": 0,
      "kucing": 0,
      "kucinglastclaim": 0,
      "kuda": 0,
      "kudalastclaim": 0,
      "rubah": 0,
      "rubahlastclaim": 0,
      "anjing": 0,
      "anjinglastclaim": 0,
      "Banneduser": false,
      "BannedReason": "",
      "warn": 0,
      "afk": -1,
      "afkReason": "",
      "anakkucing": 0,
      "anakkuda": 0,
      "anakrubah": 0,
      "anakanjing": 0,
      "makananpet": 0,
      "antispam": 0,
      "antispamlastclaim": 0,
      "kayu": 0,
      "batu": 0,
      "string": 0,
      "sword": 0,
      "sworddurability": 0,
      "pickaxe": 0,
      "pickaxedurability": 0,
      "pancing": 0,
      "fishingrod": 0,
      "fishingroddurability": 0,
      "lastadventure": 0,
      "lastfishing": 0,
      "lastdungeon": 0,
      "lastslot": 0,
      "lastduel": 0,
      "lastmining": 0,
      "lasthunt": 0,
      "lastweekly": 0,
      "lastmonthly": 0,
      "registered": false,
      "name": "Ivanzz` +1🙂🎉",
      "regTime": -1,
      "autolevelup": true,
      "ah": [],
      "mission": {},
      "emas": 0
    },
    "6281990986831@s.whatsapp.net": {
      "healt": 100,
      "level": 0,
      "exp": 2,
      "limit": 10,
      "lastclaim": 0,
      "money": 0,
      "diamond": 0,
      "iron": 0,
      "common": 0,
      "uncommon": 0,
      "mythic": 0,
      "legendary": 0,
      "pet": 0,
      "potion": 0,
      "sampah": 0,
      "armor": 0,
      "kucing": 0,
      "kucinglastclaim": 0,
      "kuda": 0,
      "kudalastclaim": 0,
      "rubah": 0,
      "rubahlastclaim": 0,
      "anjing": 0,
      "anjinglastclaim": 0,
      "Banneduser": false,
      "BannedReason": "",
      "warn": 0,
      "afk": -1,
      "afkReason": "",
      "anakkucing": 0,
      "anakkuda": 0,
      "anakrubah": 0,
      "anakanjing": 0,
      "makananpet": 0,
      "antispam": 0,
      "antispamlastclaim": 0,
      "kayu": 0,
      "batu": 0,
      "string": 0,
      "sword": 0,
      "sworddurability": 0,
      "pickaxe": 0,
      "pickaxedurability": 0,
      "pancing": 0,
      "fishingrod": 0,
      "fishingroddurability": 0,
      "lastadventure": 0,
      "lastfishing": 0,
      "lastdungeon": 0,
      "lastslot": 0,
      "lastduel": 0,
      "lastmining": 0,
      "lasthunt": 0,
      "lastweekly": 0,
      "lastmonthly": 0,
      "registered": false,
      "name": "adliyah",
      "regTime": -1,
      "autolevelup": true,
      "ah": [],
      "mission": {}
    },
    "6285609835901@s.whatsapp.net": {
      "healt": 100,
      "level": 0,
      "exp": 2,
      "limit": 10,
      "lastclaim": 0,
      "money": 0,
      "diamond": 0,
      "iron": 0,
      "common": 0,
      "uncommon": 0,
      "mythic": 0,
      "legendary": 0,
      "pet": 0,
      "potion": 0,
      "sampah": 0,
      "armor": 0,
      "kucing": 0,
      "kucinglastclaim": 0,
      "kuda": 0,
      "kudalastclaim": 0,
      "rubah": 0,
      "rubahlastclaim": 0,
      "anjing": 0,
      "anjinglastclaim": 0,
      "Banneduser": false,
      "BannedReason": "",
      "warn": 0,
      "afk": -1,
      "afkReason": "",
      "anakkucing": 0,
      "anakkuda": 0,
      "anakrubah": 0,
      "anakanjing": 0,
      "makananpet": 0,
      "antispam": 0,
      "antispamlastclaim": 0,
      "kayu": 0,
      "batu": 0,
      "string": 0,
      "sword": 0,
      "sworddurability": 0,
      "pickaxe": 0,
      "pickaxedurability": 0,
      "pancing": 0,
      "fishingrod": 0,
      "fishingroddurability": 0,
      "lastadventure": 0,
      "lastfishing": 0,
      "lastdungeon": 0,
      "lastslot": 0,
      "lastduel": 0,
      "lastmining": 0,
      "lasthunt": 0,
      "lastweekly": 0,
      "lastmonthly": 0,
      "registered": false,
      "name": "clara GTG",
      "regTime": -1,
      "autolevelup": true,
      "ah": [],
      "mission": {}
    },
    "6281325994066@s.whatsapp.net": {
      "healt": 100,
      "level": 0,
      "exp": 20,
      "limit": 10,
      "lastclaim": 0,
      "money": 0,
      "diamond": 0,
      "iron": 0,
      "common": 0,
      "uncommon": 0,
      "mythic": 0,
      "legendary": 0,
      "pet": 0,
      "potion": 0,
      "sampah": 0,
      "armor": 0,
      "kucing": 0,
      "kucinglastclaim": 0,
      "kuda": 0,
      "kudalastclaim": 0,
      "rubah": 0,
      "rubahlastclaim": 0,
      "anjing": 0,
      "anjinglastclaim": 0,
      "Banneduser": false,
      "BannedReason": "",
      "warn": 0,
      "afk": -1,
      "afkReason": "",
      "anakkucing": 0,
      "anakkuda": 0,
      "anakrubah": 0,
      "anakanjing": 0,
      "makananpet": 0,
      "antispam": 0,
      "antispamlastclaim": 0,
      "kayu": 0,
      "batu": 0,
      "string": 0,
      "sword": 0,
      "sworddurability": 0,
      "pickaxe": 0,
      "pickaxedurability": 0,
      "pancing": 0,
      "fishingrod": 0,
      "fishingroddurability": 0,
      "lastadventure": 0,
      "lastfishing": 0,
      "lastdungeon": 0,
      "lastslot": 0,
      "lastduel": 0,
      "lastmining": 0,
      "lasthunt": 0,
      "lastweekly": 0,
      "lastmonthly": 0,
      "registered": false,
      "name": "It's Me Kotz",
      "regTime": -1,
      "autolevelup": true,
      "ah": [],
      "mission": {}
    },
    "6289506027373@s.whatsapp.net": {
      "healt": 100,
      "level": 0,
      "exp": 20,
      "limit": 10,
      "lastclaim": 0,
      "money": 0,
      "diamond": 0,
      "iron": 0,
      "common": 0,
      "uncommon": 0,
      "mythic": 0,
      "legendary": 0,
      "pet": 0,
      "potion": 0,
      "sampah": 0,
      "armor": 0,
      "kucing": 0,
      "kucinglastclaim": 0,
      "kuda": 0,
      "kudalastclaim": 0,
      "rubah": 0,
      "rubahlastclaim": 0,
      "anjing": 0,
      "anjinglastclaim": 0,
      "Banneduser": false,
      "BannedReason": "",
      "warn": 0,
      "afk": -1,
      "afkReason": "",
      "anakkucing": 0,
      "anakkuda": 0,
      "anakrubah": 0,
      "anakanjing": 0,
      "makananpet": 0,
      "antispam": 0,
      "antispamlastclaim": 0,
      "kayu": 0,
      "batu": 0,
      "string": 0,
      "sword": 0,
      "sworddurability": 0,
      "pickaxe": 0,
      "pickaxedurability": 0,
      "pancing": 0,
      "fishingrod": 0,
      "fishingroddurability": 0,
      "lastadventure": 0,
      "lastfishing": 0,
      "lastdungeon": 0,
      "lastslot": 0,
      "lastduel": 0,
      "lastmining": 0,
      "lasthunt": 0,
      "lastweekly": 0,
      "lastmonthly": 0,
      "registered": false,
      "name": "+62 895-0602-7373",
      "regTime": -1,
      "autolevelup": true,
      "ah": [],
      "mission": {},
      "emas": 0
    },
    "6281315084358@s.whatsapp.net": {
      "healt": 100,
      "level": 0,
      "exp": 32,
      "limit": 10,
      "lastclaim": 0,
      "money": 0,
      "diamond": 0,
      "iron": 0,
      "common": 0,
      "uncommon": 0,
      "mythic": 0,
      "legendary": 0,
      "pet": 0,
      "potion": 0,
      "sampah": 0,
      "armor": 0,
      "kucing": 0,
      "kucinglastclaim": 0,
      "kuda": 0,
      "kudalastclaim": 0,
      "rubah": 0,
      "rubahlastclaim": 0,
      "anjing": 0,
      "anjinglastclaim": 0,
      "Banneduser": false,
      "BannedReason": "",
      "warn": 0,
      "afk": -1,
      "afkReason": "",
      "anakkucing": 0,
      "anakkuda": 0,
      "anakrubah": 0,
      "anakanjing": 0,
      "makananpet": 0,
      "antispam": 0,
      "antispamlastclaim": 0,
      "kayu": 0,
      "batu": 0,
      "string": 0,
      "sword": 0,
      "sworddurability": 0,
      "pickaxe": 0,
      "pickaxedurability": 0,
      "pancing": 0,
      "fishingrod": 0,
      "fishingroddurability": 0,
      "lastadventure": 0,
      "lastfishing": 0,
      "lastdungeon": 0,
      "lastslot": 0,
      "lastduel": 0,
      "lastmining": 0,
      "lasthunt": 0,
      "lastweekly": 0,
      "lastmonthly": 0,
      "registered": false,
      "name": "+62 813-1508-4358",
      "regTime": -1,
      "autolevelup": true,
      "ah": [],
      "mission": {},
      "emas": 0
    },
    "628814076795@s.whatsapp.net": {
      "healt": 100,
      "level": 0,
      "exp": 20,
      "limit": 10,
      "lastclaim": 0,
      "money": 0,
      "diamond": 0,
      "iron": 0,
      "common": 0,
      "uncommon": 0,
      "mythic": 0,
      "legendary": 0,
      "pet": 0,
      "potion": 0,
      "sampah": 0,
      "armor": 0,
      "kucing": 0,
      "kucinglastclaim": 0,
      "kuda": 0,
      "kudalastclaim": 0,
      "rubah": 0,
      "rubahlastclaim": 0,
      "anjing": 0,
      "anjinglastclaim": 0,
      "Banneduser": false,
      "BannedReason": "",
      "warn": 0,
      "afk": -1,
      "afkReason": "",
      "anakkucing": 0,
      "anakkuda": 0,
      "anakrubah": 0,
      "anakanjing": 0,
      "makananpet": 0,
      "antispam": 0,
      "antispamlastclaim": 0,
      "kayu": 0,
      "batu": 0,
      "string": 0,
      "sword": 0,
      "sworddurability": 0,
      "pickaxe": 0,
      "pickaxedurability": 0,
      "pancing": 0,
      "fishingrod": 0,
      "fishingroddurability": 0,
      "lastadventure": 0,
      "lastfishing": 0,
      "lastdungeon": 0,
      "lastslot": 0,
      "lastduel": 0,
      "lastmining": 0,
      "lasthunt": 0,
      "lastweekly": 0,
      "lastmonthly": 0,
      "registered": false,
      "name": "MinzzAjg",
      "regTime": -1,
      "autolevelup": true,
      "ah": [],
      "mission": {},
      "emas": 0
    },
    "62895801224266@s.whatsapp.net": {
      "healt": 100,
      "level": 0,
      "exp": 63,
      "limit": 10,
      "lastclaim": 0,
      "money": 0,
      "diamond": 0,
      "iron": 0,
      "common": 0,
      "uncommon": 0,
      "mythic": 0,
      "legendary": 0,
      "pet": 0,
      "potion": 0,
      "sampah": 0,
      "armor": 0,
      "kucing": 0,
      "kucinglastclaim": 0,
      "kuda": 0,
      "kudalastclaim": 0,
      "rubah": 0,
      "rubahlastclaim": 0,
      "anjing": 0,
      "anjinglastclaim": 0,
      "Banneduser": false,
      "BannedReason": "",
      "warn": 0,
      "afk": -1,
      "afkReason": "",
      "anakkucing": 0,
      "anakkuda": 0,
      "anakrubah": 0,
      "anakanjing": 0,
      "makananpet": 0,
      "antispam": 0,
      "antispamlastclaim": 0,
      "kayu": 0,
      "batu": 0,
      "string": 0,
      "sword": 0,
      "sworddurability": 0,
      "pickaxe": 0,
      "pickaxedurability": 0,
      "pancing": 0,
      "fishingrod": 0,
      "fishingroddurability": 0,
      "lastadventure": 0,
      "lastfishing": 0,
      "lastdungeon": 0,
      "lastslot": 0,
      "lastduel": 0,
      "lastmining": 0,
      "lasthunt": 0,
      "lastweekly": 0,
      "lastmonthly": 0,
      "registered": false,
      "name": "Vilaqinci",
      "regTime": -1,
      "autolevelup": true,
      "ah": [],
      "mission": {},
      "emas": 0
    },
    "6289665363041@s.whatsapp.net": {
      "healt": 100,
      "level": 0,
      "exp": 35,
      "limit": 10,
      "lastclaim": 0,
      "money": 0,
      "diamond": 0,
      "iron": 0,
      "common": 0,
      "uncommon": 0,
      "mythic": 0,
      "legendary": 0,
      "pet": 0,
      "potion": 0,
      "sampah": 0,
      "armor": 0,
      "kucing": 0,
      "kucinglastclaim": 0,
      "kuda": 0,
      "kudalastclaim": 0,
      "rubah": 0,
      "rubahlastclaim": 0,
      "anjing": 0,
      "anjinglastclaim": 0,
      "Banneduser": false,
      "BannedReason": "",
      "warn": 0,
      "afk": -1,
      "afkReason": "",
      "anakkucing": 0,
      "anakkuda": 0,
      "anakrubah": 0,
      "anakanjing": 0,
      "makananpet": 0,
      "antispam": 0,
      "antispamlastclaim": 0,
      "kayu": 0,
      "batu": 0,
      "string": 0,
      "sword": 0,
      "sworddurability": 0,
      "pickaxe": 0,
      "pickaxedurability": 0,
      "pancing": 0,
      "fishingrod": 0,
      "fishingroddurability": 0,
      "lastadventure": 0,
      "lastfishing": 0,
      "lastdungeon": 0,
      "lastslot": 0,
      "lastduel": 0,
      "lastmining": 0,
      "lasthunt": 0,
      "lastweekly": 0,
      "lastmonthly": 0,
      "registered": false,
      "name": "ian",
      "regTime": -1,
      "autolevelup": true,
      "ah": [],
      "mission": {},
      "emas": 0
    }
  },
  "chats": {
    "6285669806360-1635403729@g.us": {
      "isBanned": false,
      "welcome": false,
      "detect": false,
      "sWelcome": "",
      "sBye": "",
      "sPromote": "",
      "sDemote": "",
      "delete": false,
      "antiLink": false,
      "antiToxic": false
    },
    "6288287451130-1629109025@g.us": {
      "isBanned": false,
      "welcome": false,
      "detect": false,
      "sWelcome": "",
      "sBye": "",
      "sPromote": "",
      "sDemote": "",
      "delete": false,
      "antiLink": false,
      "antiToxic": false
    },
    "status@broadcast": {
      "isBanned": false,
      "welcome": false,
      "detect": false,
      "sWelcome": "",
      "sBye": "",
      "sPromote": "",
      "sDemote": "",
      "delete": false,
      "antiLink": false,
      "antiToxic": false
    },
    "6281291234605-1605760845@g.us": {
      "isBanned": false,
      "welcome": false,
      "detect": false,
      "sWelcome": "",
      "sBye": "",
      "sPromote": "",
      "sDemote": "",
      "delete": false,
      "antiLink": false,
      "antiToxic": false
    },
    "6285781466592-1623253136@g.us": {
      "isBanned": false,
      "welcome": false,
      "detect": false,
      "sWelcome": "",
      "sBye": "",
      "sPromote": "",
      "sDemote": "",
      "delete": false,
      "antiLink": false,
      "antiToxic": false
    },
    "628170841535-1629211016@g.us": {
      "isBanned": false,
      "welcome": false,
      "detect": false,
      "sWelcome": "",
      "sBye": "",
      "sPromote": "",
      "sDemote": "",
      "delete": false,
      "antiLink": false,
      "antiToxic": false
    },
    "6288289529674-1634638467@g.us": {
      "isBanned": false,
      "welcome": false,
      "detect": false,
      "sWelcome": "",
      "sBye": "",
      "sPromote": "",
      "sDemote": "",
      "delete": false,
      "antiLink": false,
      "antiToxic": false
    },
    "60146816217-1634307540@g.us": {
      "isBanned": false,
      "welcome": false,
      "detect": false,
      "sWelcome": "",
      "sBye": "",
      "sPromote": "",
      "sDemote": "",
      "delete": false,
      "antiLink": false,
      "antiToxic": false
    },
    "6283119680420-1626528657@g.us": {
      "isBanned": false,
      "welcome": false,
      "detect": false,
      "sWelcome": "",
      "sBye": "",
      "sPromote": "",
      "sDemote": "",
      "delete": false,
      "antiLink": false,
      "antiToxic": false
    },
    "6281916259786@s.whatsapp.net": {
      "isBanned": false,
      "welcome": false,
      "detect": false,
      "sWelcome": "",
      "sBye": "",
      "sPromote": "",
      "sDemote": "",
      "delete": false,
      "antiLink": false,
      "antiToxic": false
    },
    "6282328303332@s.whatsapp.net": {
      "isBanned": false,
      "welcome": false,
      "detect": false,
      "sWelcome": "",
      "sBye": "",
      "sPromote": "",
      "sDemote": "",
      "delete": false,
      "antiLink": false,
      "antiToxic": false
    },
    "6282328303332-1630415634@g.us": {
      "isBanned": false,
      "welcome": false,
      "detect": false,
      "sWelcome": "",
      "sBye": "",
      "sPromote": "",
      "sDemote": "",
      "delete": false,
      "antiLink": false,
      "antiToxic": false
    },
    "6283128734012-1625042431@g.us": {
      "isBanned": false,
      "welcome": false,
      "detect": false,
      "sWelcome": "",
      "sBye": "",
      "sPromote": "",
      "sDemote": "",
      "delete": false,
      "antiLink": false,
      "antiToxic": false
    },
    "62815737104962-1629212472@g.us": {
      "isBanned": false,
      "welcome": false,
      "detect": false,
      "sWelcome": "",
      "sBye": "",
      "sPromote": "",
      "sDemote": "",
      "delete": false,
      "antiLink": false,
      "antiToxic": false
    },
    "6281261324817-1632575074@g.us": {
      "isBanned": false,
      "welcome": false,
      "detect": false,
      "sWelcome": "",
      "sBye": "",
      "sPromote": "",
      "sDemote": "",
      "delete": false,
      "antiLink": false,
      "antiToxic": false
    },
    "6285856430321@s.whatsapp.net": {
      "isBanned": false,
      "welcome": false,
      "detect": false,
      "sWelcome": "",
      "sBye": "",
      "sPromote": "",
      "sDemote": "",
      "delete": false,
      "antiLink": false,
      "antiToxic": false
    },
    "5493772438808-1633138553@g.us": {
      "isBanned": false,
      "welcome": false,
      "detect": false,
      "sWelcome": "",
      "sBye": "",
      "sPromote": "",
      "sDemote": "",
      "delete": false,
      "antiLink": false,
      "antiToxic": false
    },
    "6289665363041-1624246113@g.us": {
      "isBanned": false,
      "welcome": false,
      "detect": false,
      "sWelcome": "",
      "sBye": "",
      "sPromote": "",
      "sDemote": "",
      "delete": false,
      "antiLink": false,
      "antiToxic": false
    }
  },
  "stats": {
    "menu.js": {
      "total": 23,
      "success": 22,
      "last": 1636203219031,
      "lastSuccess": 1636203219031
    },
    "Judi.js": {
      "total": 10,
      "success": 10,
      "last": 1636201269967,
      "lastSuccess": 1636201269967
    },
    "adventure.js": {
      "total": 6,
      "success": 6,
      "last": 1636200904801,
      "lastSuccess": 1636200904801
    },
    "Inventori.js": {
      "total": 9,
      "success": 9,
      "last": 1636203298655,
      "lastSuccess": 1636203298655
    },
    "Slot.js": {
      "total": 5,
      "success": 2,
      "last": 1636199128073,
      "lastSuccess": 1636199124932
    },
    "Suit.js": {
      "total": 4,
      "success": 4,
      "last": 1636199070113,
      "lastSuccess": 1636199070113
    },
    "join.js": {
      "total": 4,
      "success": 0,
      "last": 1636203206068,
      "lastSuccess": 0
    },
    "Dungeon.js": {
      "total": 3,
      "success": 3,
      "last": 1636201123898,
      "lastSuccess": 1636201123898
    },
    "Koboy.js": {
      "total": 42,
      "success": 36,
      "last": 1636203142895,
      "lastSuccess": 1636203142895
    },
    "Craft.js": {
      "total": 3,
      "success": 3,
      "last": 1636202087013,
      "lastSuccess": 1636202087013
    }
  },
  "msgs": {},
  "sticker": {}
}